id,relation,source,target
5365,r_dns_a,Domain_4badd3f3ae6f250c6c4b61e49d919d6c7626a1408e04c00b093e833677a57f06,IP_fbbba09f972cbbefcc14a33e87ec12e29cfecf1879b0dd847ba14d2038ef8e21
5384,r_dns_a,Domain_7875ab96029b22c001b484e5ff13fde602e5a70e2a60c7f29b8d2eff4f176e79,IP_fbbba09f972cbbefcc14a33e87ec12e29cfecf1879b0dd847ba14d2038ef8e21
5410,r_cert,Domain_99caf71f0d87cfbebfb2acc35e02b3708eaa0a923cfc02aafa8a7edc2c651338,Cert_c22fc138cc2be15458f09a60abc254ca7766ecb463782233ac843f293a497bce
5411,r_cert,Domain_a849715b769726e68a2213e9c9a7e8621d75b4355e8ec29857a759c3176d672b,Cert_c22fc138cc2be15458f09a60abc254ca7766ecb463782233ac843f293a497bce
5424,r_cert,Domain_e18c0d498aed24c22387ba93289176e25b79acc375eb531df10a0c17cedc6406,Cert_c22fc138cc2be15458f09a60abc254ca7766ecb463782233ac843f293a497bce
5427,r_cert,Domain_0d4d2648407190f495d0217e81e2fcccb8b3d2cbf939c9967389b872e9011ec8,Cert_c22fc138cc2be15458f09a60abc254ca7766ecb463782233ac843f293a497bce
5431,r_cert,Domain_4badd3f3ae6f250c6c4b61e49d919d6c7626a1408e04c00b093e833677a57f06,Cert_c22fc138cc2be15458f09a60abc254ca7766ecb463782233ac843f293a497bce
5464,r_cert,Domain_1ad469d6a6fcd2063bec549b265e72fa0ac966faaa9600ca8a1f4e6d3ae972cb,Cert_c22fc138cc2be15458f09a60abc254ca7766ecb463782233ac843f293a497bce
5468,r_cert,Domain_3e697230c7ca0bc70779b38dbd4eb73236e35693d10888a6f3d6aa15fadacbb0,Cert_c22fc138cc2be15458f09a60abc254ca7766ecb463782233ac843f293a497bce
5470,r_cert,Domain_fe0c5d24484c368e7a3434fd2d09165385f238f367c529ccc62a1c809104ffb2,Cert_c22fc138cc2be15458f09a60abc254ca7766ecb463782233ac843f293a497bce
5472,r_cert,Domain_5e77f0ac863d02ee30d45cb876b9a26732aed78b8422e61d45d0bbebd6273fd3,Cert_c22fc138cc2be15458f09a60abc254ca7766ecb463782233ac843f293a497bce
5473,r_cert,Domain_aa04e88842260fbdc300d71ebe4c108a65b0f2f75d59ca0bef5f513e27106472,Cert_c22fc138cc2be15458f09a60abc254ca7766ecb463782233ac843f293a497bce
5476,r_cert,Domain_cd5cc5e4dd7ecd0e970faf3a4e388ea5c37d204e257770dd2ec2a0913961fe51,Cert_c22fc138cc2be15458f09a60abc254ca7766ecb463782233ac843f293a497bce
5477,r_cert,Domain_2b713b4b9e026fe6a0fa0bb2953de9ef09b658cb4952ee88464ad268d5afe372,Cert_c22fc138cc2be15458f09a60abc254ca7766ecb463782233ac843f293a497bce
5483,r_cert,Domain_f22c41f659a515a03b795d45196fdb98788befcfc5beec1917cf3d9450ce95c5,Cert_c22fc138cc2be15458f09a60abc254ca7766ecb463782233ac843f293a497bce
5487,r_cert,Domain_abb8d4649a817b345f472f856b442c8370ded795e1f89d70aa1f081edba63d7c,Cert_c22fc138cc2be15458f09a60abc254ca7766ecb463782233ac843f293a497bce
5491,r_cert,Domain_2d06c97ce3e040e47dbc3699fb566bddd83c06482ba1f54afaecde2a4f708a9b,Cert_c22fc138cc2be15458f09a60abc254ca7766ecb463782233ac843f293a497bce
5504,r_cert,Domain_dca99c918a22f063af50b7a52f1f4be5a0291fdbc2499bc30b0145ef119370c1,Cert_c22fc138cc2be15458f09a60abc254ca7766ecb463782233ac843f293a497bce
5522,r_cert,Domain_48a817e3aa601899331442ca5a6712929a8af7c50e88cf2103157c8cbc72ffa4,Cert_c22fc138cc2be15458f09a60abc254ca7766ecb463782233ac843f293a497bce
5524,r_cert,Domain_5a735345d18581b9547be7dde0aed24afb10c263934c1ac39c7551e4b1ee9da9,Cert_c22fc138cc2be15458f09a60abc254ca7766ecb463782233ac843f293a497bce
5528,r_cert,Domain_fd37a657014b2c45570386500ca45340b6da61096107422f9a2975d8776312a1,Cert_c22fc138cc2be15458f09a60abc254ca7766ecb463782233ac843f293a497bce
5534,r_cert,Domain_afd80fcdef9aa93e579293c39bfab95c94ec55b0d58a626c499663df880aa80c,Cert_c22fc138cc2be15458f09a60abc254ca7766ecb463782233ac843f293a497bce
5553,r_cert,Domain_1569af644171dd0e288cfe4159d9e5d9efe8605b479c13005a34db4e8171162c,Cert_c22fc138cc2be15458f09a60abc254ca7766ecb463782233ac843f293a497bce
5565,r_cert,Domain_93cfeca8ae48a6d35becb4492d4eda38da2e36d5611ac1ef359b30df356bc144,Cert_c22fc138cc2be15458f09a60abc254ca7766ecb463782233ac843f293a497bce
5605,r_subdomain,Domain_e18c0d498aed24c22387ba93289176e25b79acc375eb531df10a0c17cedc6406,Domain_7fa288d332e3af93a93ab751d268effd9c17d060c35373b6f1fc6cb60cab3425
5608,r_subdomain,Domain_0d4d2648407190f495d0217e81e2fcccb8b3d2cbf939c9967389b872e9011ec8,Domain_e369bcc6ad1028a399224f70315e69c97b2ca41188b5cd09ceead816265983ae
5612,r_subdomain,Domain_4badd3f3ae6f250c6c4b61e49d919d6c7626a1408e04c00b093e833677a57f06,Domain_6636e983988a3d4f1a4f29165238bd9d74ed050f20b3be5221d898cb6001ab51
5629,r_subdomain,Domain_1ad469d6a6fcd2063bec549b265e72fa0ac966faaa9600ca8a1f4e6d3ae972cb,Domain_a003bd429ee4e2d46d04707890418f0392318806c463b958a76026959b9e0af4
5630,r_cname,Domain_1ad469d6a6fcd2063bec549b265e72fa0ac966faaa9600ca8a1f4e6d3ae972cb,Domain_9939d675d5573f5d0102f758b21e07c63c6c9a3be494175e4b39e7dfd5bcfd91
5631,r_dns_a,Domain_1ad469d6a6fcd2063bec549b265e72fa0ac966faaa9600ca8a1f4e6d3ae972cb,IP_fddca56824580567581e5321ffb88a0a8fc25b5664278c0cb04dd953da36dbf5
5662,r_dns_a,Domain_2b713b4b9e026fe6a0fa0bb2953de9ef09b658cb4952ee88464ad268d5afe372,IP_fddca56824580567581e5321ffb88a0a8fc25b5664278c0cb04dd953da36dbf5
5676,r_subdomain,Domain_f22c41f659a515a03b795d45196fdb98788befcfc5beec1917cf3d9450ce95c5,Domain_7875ab96029b22c001b484e5ff13fde602e5a70e2a60c7f29b8d2eff4f176e79
5687,r_subdomain,Domain_abb8d4649a817b345f472f856b442c8370ded795e1f89d70aa1f081edba63d7c,Domain_fd6bcade65db8c39e542750eee3c81834950166f7f4c1d0b31d7f420ab64842c
5779,r_dns_a,Domain_48a817e3aa601899331442ca5a6712929a8af7c50e88cf2103157c8cbc72ffa4,IP_8a4979b94d192085b37cb0862fe4c86d2272c268c4eb789ef6d4a1dc25b1461a
5781,r_dns_a,Domain_5a735345d18581b9547be7dde0aed24afb10c263934c1ac39c7551e4b1ee9da9,IP_8a4979b94d192085b37cb0862fe4c86d2272c268c4eb789ef6d4a1dc25b1461a
5876,r_cert,Domain_1274ef67f0dbcd0f88d7bf105d5617b6e62cb368e615e2d66e921a9d88ada75c,Cert_4b08c451cbfbcccda84991affb1b044c3bb3129d60c5461f71068b73f79dd289
5881,r_cert,Domain_f9adadc5ff75a2676d0f587cb2c3f41339841ce9d09eb935c562b720248986cc,Cert_4b08c451cbfbcccda84991affb1b044c3bb3129d60c5461f71068b73f79dd289
6086,r_dns_a,Domain_479ebada8be94e10269b42749262ba937c344f07737b5e2b9b514dce8577b919,IP_a02ca1a17229869a8c30014d987b4d13b4d4835766e525f88c7b3607edec5089
6091,r_dns_a,Domain_9e87de2066f50061bc56ec3a73de016a9687cf0b59cc7e2f6eb17efea50bf908,IP_a02ca1a17229869a8c30014d987b4d13b4d4835766e525f88c7b3607edec5089
6093,r_dns_a,Domain_bd3be38ace733f4c0e9c6b80268960d8324fed5af495f9fa6114813a1640da90,IP_a02ca1a17229869a8c30014d987b4d13b4d4835766e525f88c7b3607edec5089
6096,r_dns_a,Domain_7a45d22f0bff3ac1a0d196b9d52f235e33e0d0f67d826f3c145e45b06d3c4d9b,IP_a02ca1a17229869a8c30014d987b4d13b4d4835766e525f88c7b3607edec5089
6102,r_dns_a,Domain_b26b1f2e3fbb3f7d955154825cf0b7daa24ca8c8f52eb49542522e259e904c98,IP_a02ca1a17229869a8c30014d987b4d13b4d4835766e525f88c7b3607edec5089
6105,r_dns_a,Domain_082406886fc247ae3f22c48b9071db09a9f6f8cb134f9dd849744eac9b54e9e4,IP_a02ca1a17229869a8c30014d987b4d13b4d4835766e525f88c7b3607edec5089
6108,r_dns_a,Domain_424c3173e36bbb87bc88f4658602b57b59df8b04e08a080e3f2047bbdaa557e5,IP_a02ca1a17229869a8c30014d987b4d13b4d4835766e525f88c7b3607edec5089
6111,r_dns_a,Domain_a3c4a6aa2004989737bea7ed42ca7a4dd34108578c13cd37159190367415e14f,IP_a02ca1a17229869a8c30014d987b4d13b4d4835766e525f88c7b3607edec5089
6113,r_dns_a,Domain_8663637c8bf05709f8e1e5b4f75e7cffa5d4a4ddf3b07f4cc9fc115e1db4687a,IP_a02ca1a17229869a8c30014d987b4d13b4d4835766e525f88c7b3607edec5089
6115,r_dns_a,Domain_0c239e6cb0bbec66b02396d6e56e3d6d4c1dad5757f1821d9e7d0cf2861b3046,IP_a02ca1a17229869a8c30014d987b4d13b4d4835766e525f88c7b3607edec5089
6117,r_dns_a,Domain_be84ec29f1d9cf3898178b53c9a14d659d26d9959b0e94feb9c58a8826b38f0f,IP_a02ca1a17229869a8c30014d987b4d13b4d4835766e525f88c7b3607edec5089
6119,r_dns_a,Domain_6c4ae677e7fe8eb56491c84e35ff3414101b2b39db83b6a9d4bd5ae1115ddf80,IP_a02ca1a17229869a8c30014d987b4d13b4d4835766e525f88c7b3607edec5089
6122,r_dns_a,Domain_fd71ad12c33b1c6fb008e5661075bf862827b7bb5f7269cab48b4209bcf3acb5,IP_a02ca1a17229869a8c30014d987b4d13b4d4835766e525f88c7b3607edec5089
6124,r_dns_a,Domain_08c645b172092ea33c9595e8e803659ca52e5e26161e2a3e88f5d08f9fec7543,IP_a02ca1a17229869a8c30014d987b4d13b4d4835766e525f88c7b3607edec5089
6126,r_dns_a,Domain_b28f2d4118a1cceaa6fb0bd4993b9732c3ab00aa45175c6f0e5eeb27f0323b95,IP_a02ca1a17229869a8c30014d987b4d13b4d4835766e525f88c7b3607edec5089
6128,r_dns_a,Domain_739ddb5474c08c0badb5666a68d9a0d30ff6c9527aade3ce5f4b189fdd95cc7f,IP_a02ca1a17229869a8c30014d987b4d13b4d4835766e525f88c7b3607edec5089
6134,r_subdomain,Domain_1274ef67f0dbcd0f88d7bf105d5617b6e62cb368e615e2d66e921a9d88ada75c,Domain_f9adadc5ff75a2676d0f587cb2c3f41339841ce9d09eb935c562b720248986cc
6135,r_cname,Domain_1274ef67f0dbcd0f88d7bf105d5617b6e62cb368e615e2d66e921a9d88ada75c,Domain_1e19f446d10d997fd07821f75f79f260a711a8e87b69a091389c098fd48df0e6
6136,r_dns_a,Domain_1274ef67f0dbcd0f88d7bf105d5617b6e62cb368e615e2d66e921a9d88ada75c,IP_a02ca1a17229869a8c30014d987b4d13b4d4835766e525f88c7b3607edec5089
6139,r_dns_a,Domain_65f142383c6eff40ef151d75cb7b5308459e3f2d9b36260f8e3801991f50b5a6,IP_a02ca1a17229869a8c30014d987b4d13b4d4835766e525f88c7b3607edec5089
6142,r_dns_a,Domain_d5543b9206e708e93ac98cc203430559ce97c45316e0932bd723a31a5f4aca43,IP_a02ca1a17229869a8c30014d987b4d13b4d4835766e525f88c7b3607edec5089
6145,r_dns_a,Domain_b34acc3e885a5193af2522a1cc52ad47773e35c24f493004c4b03526c9e4c449,IP_a02ca1a17229869a8c30014d987b4d13b4d4835766e525f88c7b3607edec5089
6148,r_dns_a,Domain_9d9ea5ec725921ff0401700b1bb8e6be62597d4949dbcf6d9648696df1cf4fe2,IP_a02ca1a17229869a8c30014d987b4d13b4d4835766e525f88c7b3607edec5089
6150,r_dns_a,Domain_f9adadc5ff75a2676d0f587cb2c3f41339841ce9d09eb935c562b720248986cc,IP_a02ca1a17229869a8c30014d987b4d13b4d4835766e525f88c7b3607edec5089
6152,r_dns_a,Domain_f3f52621c15ff18759f01ddf46710bbb7c37028e51977344ebd06ec4f4b97160,IP_a02ca1a17229869a8c30014d987b4d13b4d4835766e525f88c7b3607edec5089
6154,r_dns_a,Domain_6e1873555d16ada7ef264033f6205431b3621d0500e7916cc0e988087f8f51c1,IP_a02ca1a17229869a8c30014d987b4d13b4d4835766e525f88c7b3607edec5089
6157,r_dns_a,Domain_2d68bfdcc84476fa63bca01b2d200fae839436121fc186c6ca8b7f51ffb1a580,IP_a02ca1a17229869a8c30014d987b4d13b4d4835766e525f88c7b3607edec5089
6160,r_dns_a,Domain_a8b2892896d9abe753575ad47139cfc9ffec9b780174558f8624cf1291df0be4,IP_a02ca1a17229869a8c30014d987b4d13b4d4835766e525f88c7b3607edec5089
6163,r_dns_a,Domain_645b2121b0ce728ce44482ac0266ca4bbdd3d26841f80bf23d6921464a148f69,IP_a02ca1a17229869a8c30014d987b4d13b4d4835766e525f88c7b3607edec5089
6165,r_dns_a,Domain_f8669c311712ce12bb8613d57c7fd8f32124f4d77928ce3cf7cf8fefc177bc89,IP_a02ca1a17229869a8c30014d987b4d13b4d4835766e525f88c7b3607edec5089
6167,r_dns_a,Domain_9081d75df8274548807947c859b3a1e73dc1abdee0d1143a403989198d89cf04,IP_a02ca1a17229869a8c30014d987b4d13b4d4835766e525f88c7b3607edec5089
6169,r_dns_a,Domain_1990dfd3f866793d1f9b2c488b6c281bd5244025ff2f4c4da5c77516de973482,IP_a02ca1a17229869a8c30014d987b4d13b4d4835766e525f88c7b3607edec5089
6171,r_dns_a,Domain_b3b53fd94e27245020f896e2a43f1d780865f4fdb51a5e5afa64e228b84331cf,IP_a02ca1a17229869a8c30014d987b4d13b4d4835766e525f88c7b3607edec5089
6173,r_dns_a,Domain_e71c493a2bdd72dcc251d4dc24da079251723cf9e26a17a4bf9df5db529f5c2a,IP_a02ca1a17229869a8c30014d987b4d13b4d4835766e525f88c7b3607edec5089
33493,r_cert_chain,Cert_c22fc138cc2be15458f09a60abc254ca7766ecb463782233ac843f293a497bce,Cert_a91593a45b6eceaae2a0478cc243543184d325720bc3f19f91982450b6af57e2
33506,r_dns_a,Domain_d3654e3eaba2cbcf9ab2ab1172a5127c8de8af14510d4a7c642d1f22d0b68f0e,IP_8216b7456870cb01b7d7b68d45a1b186dab72164de84dd35f083452a0a33a111
33507,r_dns_a,Domain_a2ab9b9d4a58d1174180284f0d8e31e277f5c5b0b8e0309db1e82c061555b081,IP_8216b7456870cb01b7d7b68d45a1b186dab72164de84dd35f083452a0a33a111
33535,r_dns_a,Domain_092d2f0bd10d12678ddca5b6ead593d9d4ae4b0cd8e7b6539997b7d976cacf64,IP_8216b7456870cb01b7d7b68d45a1b186dab72164de84dd35f083452a0a33a111
33540,r_dns_a,Domain_5796aee4449ef44254c94a5882bce9f2ee939ca747acf51491279f839dad082a,IP_8216b7456870cb01b7d7b68d45a1b186dab72164de84dd35f083452a0a33a111
33557,r_dns_a,Domain_5b33c4d08c55f72cae1b2649c0103e47d35b81e10cc62d9c1c172d847f71ac9d,IP_8216b7456870cb01b7d7b68d45a1b186dab72164de84dd35f083452a0a33a111
33606,r_dns_a,Domain_9f6518cf6462fefebe2ef60c8f11e75bd24c33f572ae06790fbef8868a2eacfd,IP_8216b7456870cb01b7d7b68d45a1b186dab72164de84dd35f083452a0a33a111
33618,r_dns_a,Domain_acc69083bc9107cdb4b3629db62b1cd4d98d40b5fc7ef6f0779b006ae2199649,IP_d6a235eecdc8228c386cf15836797e902f0bd5d83143d9461f95992da305f304
33623,r_cert,Domain_a849715b769726e68a2213e9c9a7e8621d75b4355e8ec29857a759c3176d672b,Cert_5e51d942460c7a85a67e99b3e38c05dd193222bddfafc3753514acd2923da8a8
33626,r_cert,Domain_99caf71f0d87cfbebfb2acc35e02b3708eaa0a923cfc02aafa8a7edc2c651338,Cert_5e51d942460c7a85a67e99b3e38c05dd193222bddfafc3753514acd2923da8a8
33648,r_dns_a,Domain_0d4d2648407190f495d0217e81e2fcccb8b3d2cbf939c9967389b872e9011ec8,IP_8216b7456870cb01b7d7b68d45a1b186dab72164de84dd35f083452a0a33a111
33650,r_dns_a,Domain_a957d9d0c4fc1ac42a0cf1049dc4989fd32578455307aa3c648e1cb1e6ee8855,IP_8216b7456870cb01b7d7b68d45a1b186dab72164de84dd35f083452a0a33a111
33659,r_cert,Domain_acc69083bc9107cdb4b3629db62b1cd4d98d40b5fc7ef6f0779b006ae2199649,Cert_5e51d942460c7a85a67e99b3e38c05dd193222bddfafc3753514acd2923da8a8
33663,r_dns_a,Domain_61e1fdce7d6b8a011a5952d0e76803308372ee7425a026887bcfadb01cd145a9,IP_d6a235eecdc8228c386cf15836797e902f0bd5d83143d9461f95992da305f304
33664,r_cname,Domain_0d4d2648407190f495d0217e81e2fcccb8b3d2cbf939c9967389b872e9011ec8,Domain_e0042b61f1a7c57b229bcd0feed53e91ccb69054dd5ec521f7cad31a3342920d
33668,r_dns_a,Domain_a4030070f08fa1058f83a6bf0d647cd69efa9962ae1fcaa17e37d5912bfdc3f9,IP_d6a235eecdc8228c386cf15836797e902f0bd5d83143d9461f95992da305f304
33674,r_cert,Domain_4badd3f3ae6f250c6c4b61e49d919d6c7626a1408e04c00b093e833677a57f06,Cert_5e51d942460c7a85a67e99b3e38c05dd193222bddfafc3753514acd2923da8a8
33681,r_cert,Domain_0d4d2648407190f495d0217e81e2fcccb8b3d2cbf939c9967389b872e9011ec8,Cert_5e51d942460c7a85a67e99b3e38c05dd193222bddfafc3753514acd2923da8a8
33683,r_cert,Domain_e18c0d498aed24c22387ba93289176e25b79acc375eb531df10a0c17cedc6406,Cert_5e51d942460c7a85a67e99b3e38c05dd193222bddfafc3753514acd2923da8a8
33684,r_dns_a,Domain_556d5fe57f0728a549d8e4365796e4dd36336d737c866b55f062e999b213d93d,IP_d6a235eecdc8228c386cf15836797e902f0bd5d83143d9461f95992da305f304
33694,r_dns_a,Domain_78786c3b5f738cac1c4efb2914e35fbace1bdda433b6481f7a9d3297e716a608,IP_d6a235eecdc8228c386cf15836797e902f0bd5d83143d9461f95992da305f304
33695,r_dns_a,Domain_194c462f481b91b7f386ead199af4006f30a05488618209301a8e356e2d18d65,IP_8216b7456870cb01b7d7b68d45a1b186dab72164de84dd35f083452a0a33a111
33700,r_dns_a,Domain_bf67725ce5ec64a05546ef4ac3ab4e1241738a9cfccda183b82e961178d1c581,IP_8216b7456870cb01b7d7b68d45a1b186dab72164de84dd35f083452a0a33a111
33703,r_dns_a,Domain_9f76b12c4f3a3e71afecd15f039b9cb4c10979af45abadd615fb4899cdee8252,IP_8216b7456870cb01b7d7b68d45a1b186dab72164de84dd35f083452a0a33a111
33708,r_dns_a,Domain_6e0a297eb08b1818f7024677e012c14367ad084f43da53144af6839cf866967c,IP_d6a235eecdc8228c386cf15836797e902f0bd5d83143d9461f95992da305f304
33716,r_dns_a,Domain_eed2d20d28954f2b16a5274b72a5c685aacec80fb3a7dc5dd336a9055c5607c5,IP_d6a235eecdc8228c386cf15836797e902f0bd5d83143d9461f95992da305f304
33717,r_dns_a,Domain_79549711125b7e1a39fb8ec6d837a6d39b7237c310b1646f93c0e5690d259f90,IP_8216b7456870cb01b7d7b68d45a1b186dab72164de84dd35f083452a0a33a111
33734,r_dns_a,Domain_bba161e49ef265cc291e5eda9e0184af8fd47f83248a5114b7f5b7e53f6bf5e4,IP_8216b7456870cb01b7d7b68d45a1b186dab72164de84dd35f083452a0a33a111
33735,r_dns_a,Domain_7edf4c2b95796901b0574b37c1a4b6b98b4bed8eb9c938f2feb705b8f4688a13,IP_d6a235eecdc8228c386cf15836797e902f0bd5d83143d9461f95992da305f304
33743,r_dns_a,Domain_9a85a8baf572faa8d6cb52015a893acf826361384fed6e17fd1040e3a8df1656,IP_8216b7456870cb01b7d7b68d45a1b186dab72164de84dd35f083452a0a33a111
33749,r_dns_a,Domain_da4b017ce0cd0966d680ce54682bb2a9e6d768344cfea2eda54ab4ef83d225e0,IP_8216b7456870cb01b7d7b68d45a1b186dab72164de84dd35f083452a0a33a111
33752,r_dns_a,Domain_54fd796a4b127382575a59982ac8614f54275892505308a0aa8b288a8c85be49,IP_d6a235eecdc8228c386cf15836797e902f0bd5d83143d9461f95992da305f304
33766,r_dns_a,Domain_81d0c67eefd7057c3fe3266bcb6772c6e6b68dbfb624dcc99d24a5019e4a8b2d,IP_8216b7456870cb01b7d7b68d45a1b186dab72164de84dd35f083452a0a33a111
33768,r_dns_a,Domain_b750b652f00cf691e757e8eb5a4cbad43b01201f284a22e2865e8e0ed788b895,IP_8216b7456870cb01b7d7b68d45a1b186dab72164de84dd35f083452a0a33a111
33770,r_dns_a,Domain_4a397268083390206af1dbf11d51dd104721d99ce07fae96622ea75ce0dbcec5,IP_8216b7456870cb01b7d7b68d45a1b186dab72164de84dd35f083452a0a33a111
33771,r_dns_a,Domain_71da5ef0c5e3c880d61c85b8c723256d19d3002eb13e6adf65a95f3fdc9c126b,IP_d6a235eecdc8228c386cf15836797e902f0bd5d83143d9461f95992da305f304
33777,r_dns_a,Domain_c17540be65f9f7b19fb3933218f51f91bedee9231579911f708ace49b9344dc7,IP_8216b7456870cb01b7d7b68d45a1b186dab72164de84dd35f083452a0a33a111
33804,r_dns_a,Domain_5f222d7cbcbc2387283e6b67b97f522434fb30e647cbadab48b7bb4a196fbc72,IP_8216b7456870cb01b7d7b68d45a1b186dab72164de84dd35f083452a0a33a111
33824,r_dns_a,Domain_20c9a213ec5b87972c03cb28eee1f73d04d6885c32c06f1e40db6a8b2c4b396b,IP_8216b7456870cb01b7d7b68d45a1b186dab72164de84dd35f083452a0a33a111
33833,r_dns_a,Domain_1860c4c7fe394a048abde5027bb8e0caf368a137c4ea5140b687a1f9d195351e,IP_d6a235eecdc8228c386cf15836797e902f0bd5d83143d9461f95992da305f304
33841,r_dns_a,Domain_e39a55e3e65474a47803b712ad91fbefab0f0e14bdd83fc4a29eb4c87521e251,IP_8216b7456870cb01b7d7b68d45a1b186dab72164de84dd35f083452a0a33a111
33842,r_dns_a,Domain_ea6e3d0644fcaa7bd30e5987c1d3b72e4dbbaa7a38c004b85fbcc03afb563f01,IP_8216b7456870cb01b7d7b68d45a1b186dab72164de84dd35f083452a0a33a111
33843,r_dns_a,Domain_1ad469d6a6fcd2063bec549b265e72fa0ac966faaa9600ca8a1f4e6d3ae972cb,IP_8216b7456870cb01b7d7b68d45a1b186dab72164de84dd35f083452a0a33a111
33849,r_dns_a,Domain_3e697230c7ca0bc70779b38dbd4eb73236e35693d10888a6f3d6aa15fadacbb0,IP_8216b7456870cb01b7d7b68d45a1b186dab72164de84dd35f083452a0a33a111
33853,r_dns_a,Domain_a003bd429ee4e2d46d04707890418f0392318806c463b958a76026959b9e0af4,IP_8216b7456870cb01b7d7b68d45a1b186dab72164de84dd35f083452a0a33a111
33865,r_dns_a,Domain_4a018031c914411124286e4e4d26517c0e37b387aa07c80716c098af2ca39f2d,IP_8216b7456870cb01b7d7b68d45a1b186dab72164de84dd35f083452a0a33a111
33874,r_cert,Domain_1ad469d6a6fcd2063bec549b265e72fa0ac966faaa9600ca8a1f4e6d3ae972cb,Cert_5e51d942460c7a85a67e99b3e38c05dd193222bddfafc3753514acd2923da8a8
33891,r_dns_a,Domain_64af67c5b38fad72cddc7404d01f72ca169c45ebce950382ffe14a93f069d57e,IP_8216b7456870cb01b7d7b68d45a1b186dab72164de84dd35f083452a0a33a111
33892,r_cert,Domain_aa04e88842260fbdc300d71ebe4c108a65b0f2f75d59ca0bef5f513e27106472,Cert_5e51d942460c7a85a67e99b3e38c05dd193222bddfafc3753514acd2923da8a8
33897,r_dns_a,Domain_fe0c5d24484c368e7a3434fd2d09165385f238f367c529ccc62a1c809104ffb2,IP_8216b7456870cb01b7d7b68d45a1b186dab72164de84dd35f083452a0a33a111
33906,r_cert,Domain_5e77f0ac863d02ee30d45cb876b9a26732aed78b8422e61d45d0bbebd6273fd3,Cert_5e51d942460c7a85a67e99b3e38c05dd193222bddfafc3753514acd2923da8a8
33917,r_cert,Domain_2b713b4b9e026fe6a0fa0bb2953de9ef09b658cb4952ee88464ad268d5afe372,Cert_5e51d942460c7a85a67e99b3e38c05dd193222bddfafc3753514acd2923da8a8
33921,r_dns_a,Domain_1061c7a2a907dc6fab80801d4aaa54eb47e3b1c4c330fe34e0b409fb8d8a9932,IP_4b8d699fe5e80f4e1cfbd9370a250c6de4a848d881be175d3ec8e31136511db5
33926,r_cert,Domain_cd5cc5e4dd7ecd0e970faf3a4e388ea5c37d204e257770dd2ec2a0913961fe51,Cert_5e51d942460c7a85a67e99b3e38c05dd193222bddfafc3753514acd2923da8a8
33929,r_dns_a,Domain_f22c41f659a515a03b795d45196fdb98788befcfc5beec1917cf3d9450ce95c5,IP_4b8d699fe5e80f4e1cfbd9370a250c6de4a848d881be175d3ec8e31136511db5
33931,r_dns_a,Domain_d9a96b6b12212dca4b7060498004a4e9a0434f4a4bf53abe62e0145a41967cca,IP_4b8d699fe5e80f4e1cfbd9370a250c6de4a848d881be175d3ec8e31136511db5
33937,r_dns_a,Domain_abb8d4649a817b345f472f856b442c8370ded795e1f89d70aa1f081edba63d7c,IP_4b8d699fe5e80f4e1cfbd9370a250c6de4a848d881be175d3ec8e31136511db5
33949,r_dns_a,Domain_cd8beb0e282930d90a8d27b956bc3057e8a1995b3797b40ac818842c407be67a,IP_8216b7456870cb01b7d7b68d45a1b186dab72164de84dd35f083452a0a33a111
33953,r_cname,Domain_abb8d4649a817b345f472f856b442c8370ded795e1f89d70aa1f081edba63d7c,Domain_d2ebdcbf9c07ee441341b216aa6446cddbc2f013c876dd1ba85ed569aab98bdc
33957,r_cert,Domain_f22c41f659a515a03b795d45196fdb98788befcfc5beec1917cf3d9450ce95c5,Cert_5e51d942460c7a85a67e99b3e38c05dd193222bddfafc3753514acd2923da8a8
33962,r_dns_a,Domain_7d2da880f01a40e9784994ae1dd8817f0142a2fd76a4ed9bbd400b4c82e61330,IP_4b8d699fe5e80f4e1cfbd9370a250c6de4a848d881be175d3ec8e31136511db5
33968,r_cert,Domain_abb8d4649a817b345f472f856b442c8370ded795e1f89d70aa1f081edba63d7c,Cert_5e51d942460c7a85a67e99b3e38c05dd193222bddfafc3753514acd2923da8a8
33977,r_dns_a,Domain_eaa7f2abf578311115f487d9d0109a41e1060cb79ab4f0a17c5c7b94ccba2fe2,IP_8216b7456870cb01b7d7b68d45a1b186dab72164de84dd35f083452a0a33a111
33980,r_dns_a,Domain_2d06c97ce3e040e47dbc3699fb566bddd83c06482ba1f54afaecde2a4f708a9b,IP_8216b7456870cb01b7d7b68d45a1b186dab72164de84dd35f083452a0a33a111
33983,r_dns_a,Domain_a22979b30b13955a73dfc6073c1652982b573530ac620346ff9ec277df087681,IP_8216b7456870cb01b7d7b68d45a1b186dab72164de84dd35f083452a0a33a111
33988,r_dns_a,Domain_819ac74f638d1f5fba9e1cfceb72eee2b228e9c89d702ecab1f10cdadc923a30,IP_8216b7456870cb01b7d7b68d45a1b186dab72164de84dd35f083452a0a33a111
34060,r_dns_a,Domain_21e6d13ab017c1dec85ae1b9c16dee7b439d4b16cf3551e9a1bcef66eb270c6a,IP_4b8d699fe5e80f4e1cfbd9370a250c6de4a848d881be175d3ec8e31136511db5
34074,r_dns_a,Domain_d16761aa18f6a271a5353d23a1281a1b626edd3c0293b3811ea4fad931022a10,IP_4b8d699fe5e80f4e1cfbd9370a250c6de4a848d881be175d3ec8e31136511db5
34076,r_dns_a,Domain_b3ca09a90a9ec1ed299658223de250f5aebc1f020aeda65e7c22a8a7a13a4112,IP_4b8d699fe5e80f4e1cfbd9370a250c6de4a848d881be175d3ec8e31136511db5
34080,r_dns_a,Domain_a402c04ba7473920233c27ab5e06510180aadb2cf3ded0525a400d3bfcabbda1,IP_4b8d699fe5e80f4e1cfbd9370a250c6de4a848d881be175d3ec8e31136511db5
34081,r_dns_a,Domain_c0866d916405931e82e4bf5b4e28a7feed32ef05bd00e64490f10772fd29e7f9,IP_4b8d699fe5e80f4e1cfbd9370a250c6de4a848d881be175d3ec8e31136511db5
34090,r_dns_a,Domain_66cbf922206ad5c07c258b8542735a629b83c6fd7d1f0d0fb634ddb58261cafa,IP_4b8d699fe5e80f4e1cfbd9370a250c6de4a848d881be175d3ec8e31136511db5
34117,r_dns_a,Domain_f69e1d1d4a2a325e61bed844616503d1d5cb552b423e63400ded671fee69d102,IP_4b8d699fe5e80f4e1cfbd9370a250c6de4a848d881be175d3ec8e31136511db5
34122,r_cert,Domain_48a817e3aa601899331442ca5a6712929a8af7c50e88cf2103157c8cbc72ffa4,Cert_5e51d942460c7a85a67e99b3e38c05dd193222bddfafc3753514acd2923da8a8
34126,r_dns_a,Domain_db0a7a64ff7dc9b3c9c11d497a5e785a2a8dbadb17ea35726050b6f59fb54551,IP_4b8d699fe5e80f4e1cfbd9370a250c6de4a848d881be175d3ec8e31136511db5
34135,r_dns_a,Domain_76d5f02937b7d69c752e834895ea239f9396a9292739bb8c0ec2a73efdc3da67,IP_4b8d699fe5e80f4e1cfbd9370a250c6de4a848d881be175d3ec8e31136511db5
34145,r_cert,Domain_5a735345d18581b9547be7dde0aed24afb10c263934c1ac39c7551e4b1ee9da9,Cert_5e51d942460c7a85a67e99b3e38c05dd193222bddfafc3753514acd2923da8a8
34147,r_cert,Domain_fd37a657014b2c45570386500ca45340b6da61096107422f9a2975d8776312a1,Cert_5e51d942460c7a85a67e99b3e38c05dd193222bddfafc3753514acd2923da8a8
34149,r_dns_a,Domain_a86393e829d7772cfe793117c2196a4896c7d881ff249c8f6969ec370479fddc,IP_d6a235eecdc8228c386cf15836797e902f0bd5d83143d9461f95992da305f304
34175,r_dns_a,Domain_1569af644171dd0e288cfe4159d9e5d9efe8605b479c13005a34db4e8171162c,IP_d6a235eecdc8228c386cf15836797e902f0bd5d83143d9461f95992da305f304
34202,r_dns_a,Domain_445993c46df9d260c5e85937d2929551fad7a59ede53511947e0ea5763c8ae8e,IP_d6a235eecdc8228c386cf15836797e902f0bd5d83143d9461f95992da305f304
34205,r_cert,Domain_1569af644171dd0e288cfe4159d9e5d9efe8605b479c13005a34db4e8171162c,Cert_5e51d942460c7a85a67e99b3e38c05dd193222bddfafc3753514acd2923da8a8
34233,r_cert,Domain_7fa288d332e3af93a93ab751d268effd9c17d060c35373b6f1fc6cb60cab3425,Cert_5e51d942460c7a85a67e99b3e38c05dd193222bddfafc3753514acd2923da8a8
34243,r_dns_a,Domain_fa2ba4af7f4895e50eb0aaaa09ed923e6432decfd25d4de300133354c5db9abc,IP_d6a235eecdc8228c386cf15836797e902f0bd5d83143d9461f95992da305f304
34279,r_dns_a,Domain_899143cc7b7367458cfe14c116bca0a2da9c41b33ac94d312bb7ea6683dcb314,IP_d6a235eecdc8228c386cf15836797e902f0bd5d83143d9461f95992da305f304
34288,r_dns_a,Domain_3e551ac1c5dcef2c22b269087c2e1c9b6105db3982a4567346c2b8a2c347a2ea,IP_d6a235eecdc8228c386cf15836797e902f0bd5d83143d9461f95992da305f304
34321,r_cert,Domain_79894e79c3e9305e29b6605f66d522cf2d1d34164a9c6e583851c96b5842e9a2,Cert_5e51d942460c7a85a67e99b3e38c05dd193222bddfafc3753514acd2923da8a8
34324,r_subdomain,Domain_afd80fcdef9aa93e579293c39bfab95c94ec55b0d58a626c499663df880aa80c,Domain_79894e79c3e9305e29b6605f66d522cf2d1d34164a9c6e583851c96b5842e9a2
34335,r_dns_a,Domain_992c942749a5e98a4116e5489753765413967f1deb49f9d2480d526e0c9b82f9,IP_d6a235eecdc8228c386cf15836797e902f0bd5d83143d9461f95992da305f304
34336,r_dns_a,Domain_62c7f81e21109830e54eb4c5f5893376cec4e180cb5de411bd267f801d20d4fc,IP_d6a235eecdc8228c386cf15836797e902f0bd5d83143d9461f95992da305f304
34344,r_cert,Domain_7875ab96029b22c001b484e5ff13fde602e5a70e2a60c7f29b8d2eff4f176e79,Cert_5e51d942460c7a85a67e99b3e38c05dd193222bddfafc3753514acd2923da8a8
34355,r_cert,Domain_fd6bcade65db8c39e542750eee3c81834950166f7f4c1d0b31d7f420ab64842c,Cert_5e51d942460c7a85a67e99b3e38c05dd193222bddfafc3753514acd2923da8a8
34367,r_cert,Domain_992c942749a5e98a4116e5489753765413967f1deb49f9d2480d526e0c9b82f9,Cert_5e51d942460c7a85a67e99b3e38c05dd193222bddfafc3753514acd2923da8a8
34368,r_dns_a,Domain_6ad4634750a0f0ad0123db7501049e99c67cae9146f2d0166e02d4c0d92c6713,IP_4b8d699fe5e80f4e1cfbd9370a250c6de4a848d881be175d3ec8e31136511db5
34373,r_cert,Domain_afd80fcdef9aa93e579293c39bfab95c94ec55b0d58a626c499663df880aa80c,Cert_5e51d942460c7a85a67e99b3e38c05dd193222bddfafc3753514acd2923da8a8
34378,r_dns_a,Domain_187f1d1a5bb53daeb7e0d3528546230e38d68b38a30f76d0e88859db1b592cb2,IP_d6a235eecdc8228c386cf15836797e902f0bd5d83143d9461f95992da305f304
34396,r_cert,Domain_6ad4634750a0f0ad0123db7501049e99c67cae9146f2d0166e02d4c0d92c6713,Cert_c22fc138cc2be15458f09a60abc254ca7766ecb463782233ac843f293a497bce
34415,r_cert,Domain_93cfeca8ae48a6d35becb4492d4eda38da2e36d5611ac1ef359b30df356bc144,Cert_5e51d942460c7a85a67e99b3e38c05dd193222bddfafc3753514acd2923da8a8
34525,r_cert_chain,Cert_4b08c451cbfbcccda84991affb1b044c3bb3129d60c5461f71068b73f79dd289,Cert_bbe15474b14bdf9f8f8f401595e8a9c6285e844245946224bb11f58fc6196edf
34700,r_dns_a,Domain_7a45d22f0bff3ac1a0d196b9d52f235e33e0d0f67d826f3c145e45b06d3c4d9b,IP_d6a235eecdc8228c386cf15836797e902f0bd5d83143d9461f95992da305f304
34722,r_dns_a,Domain_8663637c8bf05709f8e1e5b4f75e7cffa5d4a4ddf3b07f4cc9fc115e1db4687a,IP_d6a235eecdc8228c386cf15836797e902f0bd5d83143d9461f95992da305f304
34772,r_dns_a,Domain_1274ef67f0dbcd0f88d7bf105d5617b6e62cb368e615e2d66e921a9d88ada75c,IP_d6a235eecdc8228c386cf15836797e902f0bd5d83143d9461f95992da305f304
34804,r_cert,Domain_1274ef67f0dbcd0f88d7bf105d5617b6e62cb368e615e2d66e921a9d88ada75c,Cert_5e51d942460c7a85a67e99b3e38c05dd193222bddfafc3753514acd2923da8a8
34814,r_cert,Domain_f9adadc5ff75a2676d0f587cb2c3f41339841ce9d09eb935c562b720248986cc,Cert_5e51d942460c7a85a67e99b3e38c05dd193222bddfafc3753514acd2923da8a8
35260,r_cert,Domain_a0da37742a838231ff9fb4604e3e4bfebb257ea1fe7b3676dd89b1e4eb518877,Cert_4b08c451cbfbcccda84991affb1b044c3bb3129d60c5461f71068b73f79dd289
35316,r_cert,Domain_3ec15417debae5b20685bffe962a15184f43a3f0fb5423017118ffba4add48f6,Cert_4b08c451cbfbcccda84991affb1b044c3bb3129d60c5461f71068b73f79dd289
35338,r_cert,Domain_2bd5d0f1fefdc57cce1894e700f723dc58c8b1d00c7caabea7848a35c8c15929,Cert_4b08c451cbfbcccda84991affb1b044c3bb3129d60c5461f71068b73f79dd289
35436,r_cert,Domain_7d5bcf1d341e3e94f46f81cf6a6494b16e097125a41e11e577d599bee348fa10,Cert_4b08c451cbfbcccda84991affb1b044c3bb3129d60c5461f71068b73f79dd289
35453,r_cert,Domain_05c69948811d8d897fa13013df0518ce6272158da71c7af382b973e359504ce5,Cert_4b08c451cbfbcccda84991affb1b044c3bb3129d60c5461f71068b73f79dd289
35488,r_cert,Domain_8565163979542062f9c72d9389d49b8722ff86f689a2fc45ad7a1860a0a4f1f6,Cert_4b08c451cbfbcccda84991affb1b044c3bb3129d60c5461f71068b73f79dd289
35509,r_cert,Domain_49b2a932f34411602241270e3f55c24e1c69b6dbadacfc4f570285bbfcdd3445,Cert_4b08c451cbfbcccda84991affb1b044c3bb3129d60c5461f71068b73f79dd289
35611,r_cert,Domain_6880ec6e8e1efb6349fdcfc8fa776b528a11c1ac97847f460670a21b72f00e6d,Cert_4b08c451cbfbcccda84991affb1b044c3bb3129d60c5461f71068b73f79dd289
35908,r_cert,Domain_36fb5b9b79ae9942a71f859bc43bafac267d0458b9263d131fa4a3f3e8350fc6,Cert_4b08c451cbfbcccda84991affb1b044c3bb3129d60c5461f71068b73f79dd289
35936,r_cert,Domain_6d1352df125f42080aed176d8e270a780bf240ab441a5f5cd9d25c9aa30743e3,Cert_4b08c451cbfbcccda84991affb1b044c3bb3129d60c5461f71068b73f79dd289
36499,r_cert,Domain_3938b24e95106dd4b5d53ba4bb017c24acc343d2034efb587f72852d4dd37053,Cert_4b08c451cbfbcccda84991affb1b044c3bb3129d60c5461f71068b73f79dd289
38320,r_whois_email,Domain_159f335bacad1121ad842774ce8978bd80743024cdce7da556b6f65bfa5c45cc,Whois_Email_e501d0ae1134c88df6b7dbb5e1c72d09ac4069f921bf485fc24fa47af3a98f97
166266,r_asn,IP_d6a235eecdc8228c386cf15836797e902f0bd5d83143d9461f95992da305f304,ASN_a481be210502d330728e758a1308cdec1d0b80e58639ed06412a239836951934
166276,r_cidr,IP_d6a235eecdc8228c386cf15836797e902f0bd5d83143d9461f95992da305f304,IP_CIDR_a47a4f48d336682be16b5971fc7ca161201701647e86c9aaa78a766ec02e0d5e
166311,r_dns_a,Domain_aeae9d946a06465b2144c5d97ee6b90c77ebe3cda2adecd443ad2051514844e0,IP_d6a235eecdc8228c386cf15836797e902f0bd5d83143d9461f95992da305f304
166381,r_dns_a,Domain_e0a4e999925e37391187d7ab2ef465979271450b825b237eac24cfb7bf2e4be5,IP_d6a235eecdc8228c386cf15836797e902f0bd5d83143d9461f95992da305f304
166438,r_dns_a,Domain_d974d431d3c0cd9e75a9ebed31d379bd1240e4413a646f6cbc4469d019c1a37e,IP_d6a235eecdc8228c386cf15836797e902f0bd5d83143d9461f95992da305f304
166494,r_dns_a,Domain_5caa52bca62bc7eb59954da809fa253c56dc9507d1a96be454ae6a65ec720570,IP_d6a235eecdc8228c386cf15836797e902f0bd5d83143d9461f95992da305f304
166515,r_dns_a,Domain_eebcf22a55995bbd2fd07d655f87d063cd3415854efc699f097a9f49ccda424b,IP_d6a235eecdc8228c386cf15836797e902f0bd5d83143d9461f95992da305f304
166538,r_dns_a,Domain_d83397eef931a114846bd61155571321f9997edaa3fce797de28271346c45f92,IP_d6a235eecdc8228c386cf15836797e902f0bd5d83143d9461f95992da305f304
166557,r_dns_a,Domain_e08492e328cb06024ce0c539b341b16f4b1de09c21511f7a53d07c55b34afbbe,IP_d6a235eecdc8228c386cf15836797e902f0bd5d83143d9461f95992da305f304
166576,r_dns_a,Domain_e70259f3ece05a51826d69aba9ee9c02d7fce3bb8cf7e782314227d7db5a1924,IP_d6a235eecdc8228c386cf15836797e902f0bd5d83143d9461f95992da305f304
166585,r_dns_a,Domain_4a72d55ad62b1a3224b408c165fcdb162878918a58b5dff929501757635e0471,IP_d6a235eecdc8228c386cf15836797e902f0bd5d83143d9461f95992da305f304
166604,r_dns_a,Domain_d2f3989e21abbfa3caef7a75454cd074822a552eef21ae77a5489f75fea57774,IP_d6a235eecdc8228c386cf15836797e902f0bd5d83143d9461f95992da305f304
166620,r_dns_a,Domain_334c74e27fe894025022b939ced397162878adbefee37efe7226542022767cad,IP_d6a235eecdc8228c386cf15836797e902f0bd5d83143d9461f95992da305f304
166638,r_dns_a,Domain_25354dd85d6e62beefcce3260e69342e4f66b56c378f0160c667e6b357589893,IP_d6a235eecdc8228c386cf15836797e902f0bd5d83143d9461f95992da305f304
166653,r_dns_a,Domain_98598def8d4979106220a801f838be9802c7f04ea552129917fc78cf6ba0030b,IP_d6a235eecdc8228c386cf15836797e902f0bd5d83143d9461f95992da305f304
166667,r_dns_a,Domain_2ec4d70a60afdca7e82596a791303db0b1784a0a730223752f959c3a290f2cf3,IP_d6a235eecdc8228c386cf15836797e902f0bd5d83143d9461f95992da305f304
166698,r_dns_a,Domain_ee5a1ccb74fe302a5092bb1c2e16a462a5fae9916903868c5b13a2f3fd90dfe6,IP_d6a235eecdc8228c386cf15836797e902f0bd5d83143d9461f95992da305f304
166712,r_dns_a,Domain_73c5f8111f14bbffd7c75070c793c007ffad09a57d318bc19d6bed91c5cb90fd,IP_d6a235eecdc8228c386cf15836797e902f0bd5d83143d9461f95992da305f304
166735,r_dns_a,Domain_537b44b1e46d178ea53d73a50f649d3ac5600b66b52abe39c4c8fc698a28214c,IP_d6a235eecdc8228c386cf15836797e902f0bd5d83143d9461f95992da305f304
166744,r_dns_a,Domain_fe319945562bc44e9b6f911128ffe6d4014de2b8f9815331c7cff8500d2e6579,IP_d6a235eecdc8228c386cf15836797e902f0bd5d83143d9461f95992da305f304
166754,r_dns_a,Domain_e5eff4f6679c62c190f3284907ad1c54a555d60430ac763d929be5cb3c92de1b,IP_d6a235eecdc8228c386cf15836797e902f0bd5d83143d9461f95992da305f304
166766,r_dns_a,Domain_bc891c6e8b03bb2cb818e39437ed58fd3b434b253fcb3eb7823a4b8ecdc3beb5,IP_d6a235eecdc8228c386cf15836797e902f0bd5d83143d9461f95992da305f304
166773,r_dns_a,Domain_a77f2550ba8757cd57c72eab4495a2e1c1dc834ad32067ae22eadee67fed0f4a,IP_d6a235eecdc8228c386cf15836797e902f0bd5d83143d9461f95992da305f304
166784,r_dns_a,Domain_7286589188431c83fd922267c882f474b27fa67bd0cf781582476c892118673c,IP_d6a235eecdc8228c386cf15836797e902f0bd5d83143d9461f95992da305f304
166787,r_dns_a,Domain_6f36273ff7c44a48c3466b5ae8f49463a44878b9cf0ef74358d4a2b4053fb200,IP_d6a235eecdc8228c386cf15836797e902f0bd5d83143d9461f95992da305f304
166797,r_dns_a,Domain_ee6578212b3c8a8f92d84b9f747972bbad443a336a1fbdac89f3cf4876af7c15,IP_d6a235eecdc8228c386cf15836797e902f0bd5d83143d9461f95992da305f304
166803,r_dns_a,Domain_efb6791f5c12584f7b38ceef543bb2f73ffaa48036fe9d465645ac8422efa6c9,IP_d6a235eecdc8228c386cf15836797e902f0bd5d83143d9461f95992da305f304
166814,r_dns_a,Domain_e80bdedaacb408819e4c711c00f903f3d1dff49880de950cde06ed770a4aeeb9,IP_d6a235eecdc8228c386cf15836797e902f0bd5d83143d9461f95992da305f304
166818,r_dns_a,Domain_8e47b887275a0690d171bb18bba2c9c65d582f8a492a088a70185cd1b39c869e,IP_d6a235eecdc8228c386cf15836797e902f0bd5d83143d9461f95992da305f304
166830,r_dns_a,Domain_4a5a70d2209fa96df7466262cf8faea42226dff6543b9b2e8a5fe1b851ed40b4,IP_d6a235eecdc8228c386cf15836797e902f0bd5d83143d9461f95992da305f304
166835,r_dns_a,Domain_f3921eae6445f9b9dcb8020c36b4d91b9c3178fedaefd154cfc1e838c56dd073,IP_d6a235eecdc8228c386cf15836797e902f0bd5d83143d9461f95992da305f304
166882,r_cname,Domain_0b9799f11455fe3d62dc57cf7b2a22024c747144cbb4dd444e7b04db079d3e88,Domain_1d0610d592fb64bf410e3656e0424212664ba61244ef369c2d1f2622fa668d3b
166890,r_dns_a,Domain_0b9799f11455fe3d62dc57cf7b2a22024c747144cbb4dd444e7b04db079d3e88,IP_d6a235eecdc8228c386cf15836797e902f0bd5d83143d9461f95992da305f304
166897,r_dns_a,Domain_97a824a3c30569ed6dad3a0df1e92e856fb64dde07373b05872079e8ba937b53,IP_d6a235eecdc8228c386cf15836797e902f0bd5d83143d9461f95992da305f304
166916,r_dns_a,Domain_e3b7dc1a1a2e28628c437fab54d04e1597f8f52b4849834f5609ae5ebc4e9a2a,IP_d6a235eecdc8228c386cf15836797e902f0bd5d83143d9461f95992da305f304
166942,r_dns_a,Domain_9d1bb69d7b5afb8fcec247b6e50ac3236a573239eeb21dfa0d69200c86debb3e,IP_d6a235eecdc8228c386cf15836797e902f0bd5d83143d9461f95992da305f304
166971,r_dns_a,Domain_f4659d2f78b68f384ab0608b71031efbd6c57fb50636eed991aeae89ebd99d26,IP_d6a235eecdc8228c386cf15836797e902f0bd5d83143d9461f95992da305f304
166992,r_dns_a,Domain_56fd12b677c267619d1a352710dde6b62387e804a269a1c8e70b20a0c86d2e84,IP_d6a235eecdc8228c386cf15836797e902f0bd5d83143d9461f95992da305f304
167002,r_dns_a,Domain_ab13b4206f464d17237f92661f3358e909ef1a2fcd90a05d1e0908adfbe887c0,IP_d6a235eecdc8228c386cf15836797e902f0bd5d83143d9461f95992da305f304
167023,r_dns_a,Domain_5d4851655b9efead1e71ccf6e342b75411c0aca804e3e39cac13ecd2304e55e3,IP_d6a235eecdc8228c386cf15836797e902f0bd5d83143d9461f95992da305f304
167053,r_dns_a,Domain_539b2d720479f99d13dfe30cef67b2ebdf2ae2152c618349d35ba58d3bdd89c0,IP_d6a235eecdc8228c386cf15836797e902f0bd5d83143d9461f95992da305f304
167063,r_dns_a,Domain_fdddeedef605d3cc1372a1016ee30598c4781dad57c4c815f26df2565c1b805d,IP_d6a235eecdc8228c386cf15836797e902f0bd5d83143d9461f95992da305f304
167075,r_dns_a,Domain_7dd37eb456eeffc575ae866e50ed5cb080f2fbd9250e8af7dc516b343e8f3cda,IP_d6a235eecdc8228c386cf15836797e902f0bd5d83143d9461f95992da305f304
167124,r_dns_a,Domain_dedcb9bf1bfce19fdddf0f80247708483b5f4dec9bc54a48e76d610f257d8991,IP_d6a235eecdc8228c386cf15836797e902f0bd5d83143d9461f95992da305f304
167173,r_dns_a,Domain_a724fed8c09815669f8e477e563f1541beb41edeec6a952721e96d56a4d9f26e,IP_d6a235eecdc8228c386cf15836797e902f0bd5d83143d9461f95992da305f304
167265,r_dns_a,Domain_0f7a4cf8fadc1955a179b93a027f03299ca8ba555a91f2d932803118c9340ece,IP_d6a235eecdc8228c386cf15836797e902f0bd5d83143d9461f95992da305f304
167277,r_dns_a,Domain_42c5b4b5e3bc52c6097e2aa6c7dcded493076d53e4542a73c1ad9c5602165701,IP_d6a235eecdc8228c386cf15836797e902f0bd5d83143d9461f95992da305f304
167288,r_dns_a,Domain_25360c5658f8e9826a3b452056a2e7454aaafdb98b04eee834144adf8500674d,IP_d6a235eecdc8228c386cf15836797e902f0bd5d83143d9461f95992da305f304
167310,r_dns_a,Domain_0532e010674be358d14b0b0b0c1bb43c3bdf968bedbf52832568661c0f71e50d,IP_d6a235eecdc8228c386cf15836797e902f0bd5d83143d9461f95992da305f304
167318,r_dns_a,Domain_afcd335b4f40dffe79766bafaa5bd61cfb6ec621b6dc2111ff2c18290dcd7a40,IP_d6a235eecdc8228c386cf15836797e902f0bd5d83143d9461f95992da305f304
167338,r_dns_a,Domain_dda01da04e5317496744224a47f8885f1e99b624dc474f063dfd53b78baffcd9,IP_d6a235eecdc8228c386cf15836797e902f0bd5d83143d9461f95992da305f304
167350,r_dns_a,Domain_b3084c3d8302cecd17e7bcb1f801f69f454bf86d7ac135379b71bf98c523cff1,IP_d6a235eecdc8228c386cf15836797e902f0bd5d83143d9461f95992da305f304
167374,r_dns_a,Domain_2887f57de08c4534dfe1dbfe30b28c2f442a4b2f12d2fe60b17001e503c74994,IP_d6a235eecdc8228c386cf15836797e902f0bd5d83143d9461f95992da305f304
167385,r_dns_a,Domain_72daae45ca05fe497c94538da25de53510c2f5732cd5e69d53d4f3aa6704ac30,IP_d6a235eecdc8228c386cf15836797e902f0bd5d83143d9461f95992da305f304
167408,r_dns_a,Domain_5eeb85e5654e7ecbeb2b8cd6ea48a84a041f92282f8d0f13fcc2162f7f8433b5,IP_d6a235eecdc8228c386cf15836797e902f0bd5d83143d9461f95992da305f304
167426,r_dns_a,Domain_c6e06a198f7d8a7e04b199ffba095c1364149a82a6830f926e3a33f6ad32d331,IP_d6a235eecdc8228c386cf15836797e902f0bd5d83143d9461f95992da305f304
167484,r_cidr,IP_4b8d699fe5e80f4e1cfbd9370a250c6de4a848d881be175d3ec8e31136511db5,IP_CIDR_9961a404db6269b9dc1bb21ef2c2d74af96472a6e1587a675c790fabb74de690
167507,r_dns_a,Domain_5385ecbf55318426a49ad83044e34de584c894da7c0cceb03acea88bcf55b298,IP_d6a235eecdc8228c386cf15836797e902f0bd5d83143d9461f95992da305f304
167519,r_dns_a,Domain_537c420724bff3fa410f13b370e2fc83ebb35bdf336973ffcdfbd19d6531655c,IP_d6a235eecdc8228c386cf15836797e902f0bd5d83143d9461f95992da305f304
167530,r_dns_a,Domain_93e77f8023106ada59cf8a0ac091b4d41e0a7057734a87ac329ddf3ffb832032,IP_d6a235eecdc8228c386cf15836797e902f0bd5d83143d9461f95992da305f304
167555,r_dns_a,Domain_cb2d33918187cb3c1b13f6a31227e7fd4b89839e31673247a3cce2790eafe6d6,IP_d6a235eecdc8228c386cf15836797e902f0bd5d83143d9461f95992da305f304
167569,r_dns_a,Domain_a46344492f69bcfcd2398629eea8ab8e54734e98b3557aa74f057a80f9d1e3c3,IP_d6a235eecdc8228c386cf15836797e902f0bd5d83143d9461f95992da305f304
167574,r_dns_a,Domain_d2ebdcbf9c07ee441341b216aa6446cddbc2f013c876dd1ba85ed569aab98bdc,IP_4b8d699fe5e80f4e1cfbd9370a250c6de4a848d881be175d3ec8e31136511db5
167594,r_dns_a,Domain_41f636afba511d6de7e4badbe94aab2f1ae76e48460aa3a18a29a1c9229fe407,IP_d6a235eecdc8228c386cf15836797e902f0bd5d83143d9461f95992da305f304
167604,r_dns_a,Domain_14df7c834b17f9e369555c4d98abc16602c8e22edbcf8c8445372764393617d3,IP_d6a235eecdc8228c386cf15836797e902f0bd5d83143d9461f95992da305f304
167625,r_dns_a,Domain_2188d04efed3277d59340f59f3e82a139bfd41af3e34a7299f74a9085fca611b,IP_d6a235eecdc8228c386cf15836797e902f0bd5d83143d9461f95992da305f304
167647,r_dns_a,Domain_29536cbdc6d9950309c87008b6df375538ad5c1e8747d827fe9b1ae7f1f68f10,IP_d6a235eecdc8228c386cf15836797e902f0bd5d83143d9461f95992da305f304
167671,r_cert,Domain_dc887764ce32bb171fd10b122e314c95cf5deeecec3279bef76a62e35d0582a3,Cert_5e51d942460c7a85a67e99b3e38c05dd193222bddfafc3753514acd2923da8a8
167753,r_cert,Domain_42c260ddfb925cc87f22e78b8844a7a41372986e96f5a1f34ec518afa6082f8d,Cert_5e51d942460c7a85a67e99b3e38c05dd193222bddfafc3753514acd2923da8a8
168064,r_cert,Domain_9094c4aa34aabf0033db0152576216cac81c0dfe993e485bcaf476c084db9dbc,Cert_5e51d942460c7a85a67e99b3e38c05dd193222bddfafc3753514acd2923da8a8
168661,r_cert,Domain_cf7f5dbd8202f383483a3e52a383acd3a09a5dda82a902f18381232bb01f5688,Cert_5e51d942460c7a85a67e99b3e38c05dd193222bddfafc3753514acd2923da8a8
168735,r_cert,Domain_b23b2d965ed0a98d22b83ac2f147a546e11166a28ac844510cb5dd150b45f174,Cert_5e51d942460c7a85a67e99b3e38c05dd193222bddfafc3753514acd2923da8a8
168850,r_cert,Domain_d85dadddc38139e98c3753323a1f36690e2485157f76b3064878ad9860b0d58b,Cert_5e51d942460c7a85a67e99b3e38c05dd193222bddfafc3753514acd2923da8a8
168898,r_cert,Domain_4867eea05a3bf60dab0f10d8e258d6ba1030abee68a385a1fb7f7d118d689f55,Cert_5e51d942460c7a85a67e99b3e38c05dd193222bddfafc3753514acd2923da8a8
169577,r_cert,Domain_761599a78a001eab5701b9616b48a9e8c7773ae35d4b5d9b4ad0cf4e6ace2bbe,Cert_5e51d942460c7a85a67e99b3e38c05dd193222bddfafc3753514acd2923da8a8
170234,r_cert,Domain_73c5f8111f14bbffd7c75070c793c007ffad09a57d318bc19d6bed91c5cb90fd,Cert_5e51d942460c7a85a67e99b3e38c05dd193222bddfafc3753514acd2923da8a8
181478,r_subdomain,Domain_159f335bacad1121ad842774ce8978bd80743024cdce7da556b6f65bfa5c45cc,Domain_b2f8b738cf0111a2a655c6fce72318a003055bda9bde32c991359ff946e387e9
181496,r_dns_a,Domain_159f335bacad1121ad842774ce8978bd80743024cdce7da556b6f65bfa5c45cc,IP_484cb8c83dbb2b161d06827bcfd309ae96f0a562f87c253d9ba853ec8ef3992e
181512,r_dns_a,Domain_159f335bacad1121ad842774ce8978bd80743024cdce7da556b6f65bfa5c45cc,IP_adc6663a9f5b3450e27feb14489d28ab7d9e3962ec19e469ab91e87610158b82
181528,r_dns_a,Domain_159f335bacad1121ad842774ce8978bd80743024cdce7da556b6f65bfa5c45cc,IP_ec7c6a4c9141baeeb0738ade88900f214ca99b148e9ebb49df559c056ee70af1
181544,r_dns_a,Domain_159f335bacad1121ad842774ce8978bd80743024cdce7da556b6f65bfa5c45cc,IP_2dacea9ea0004d3e95bf48071b111d32c915e6558804a0088f97fcb167d8edce
181561,r_dns_a,Domain_159f335bacad1121ad842774ce8978bd80743024cdce7da556b6f65bfa5c45cc,IP_27c7a1f353d12bfce22bf92458720274f9514de4c1e4f42e5d83352c6b66f7be
181577,r_dns_a,Domain_159f335bacad1121ad842774ce8978bd80743024cdce7da556b6f65bfa5c45cc,IP_04a892e30db6e1d1b18c7dc74a70ba87b5886be4008c22cff026b6ae1d36e2ba
181597,r_dns_a,Domain_159f335bacad1121ad842774ce8978bd80743024cdce7da556b6f65bfa5c45cc,IP_8f5d4fae7d5698463bcea33a6129bc2b2a51760767db1a88cb8b8c1b477c4506
181616,r_dns_a,Domain_159f335bacad1121ad842774ce8978bd80743024cdce7da556b6f65bfa5c45cc,IP_da8e8c369f714d9e0bffab4968fde0650fcc4b18c3d8c5894d76b9248c722c68
181633,r_dns_a,Domain_159f335bacad1121ad842774ce8978bd80743024cdce7da556b6f65bfa5c45cc,IP_8be79068b5b1a158c7f08d4f5952e19ca76b457c723e7844478d71c80c559798
181651,r_dns_a,Domain_159f335bacad1121ad842774ce8978bd80743024cdce7da556b6f65bfa5c45cc,IP_2452eec85989269cccf790f44919b86699b4721645c693fdf11a50fbfb143759
181668,r_dns_a,Domain_159f335bacad1121ad842774ce8978bd80743024cdce7da556b6f65bfa5c45cc,IP_e4af94aa00c2d0db1e09084dcc2d28e8d47a9c29ba0e8c36a288376d7d8bc696
181684,r_dns_a,Domain_159f335bacad1121ad842774ce8978bd80743024cdce7da556b6f65bfa5c45cc,IP_c38901e05a3ab7a978e7e62a2e4552f25df55b46e4849cf2fe63bb150d5fd04e
181702,r_dns_a,Domain_159f335bacad1121ad842774ce8978bd80743024cdce7da556b6f65bfa5c45cc,IP_c3e45118584a51aa71ba3f249fdd49b0173b17dd43d244b6a5ddc2c50e67e27d
181717,r_dns_a,Domain_159f335bacad1121ad842774ce8978bd80743024cdce7da556b6f65bfa5c45cc,IP_00d5fd185351f586f304a3cd181e59f1a2283055ef3b714b3d2250e59c6c8a0d
181736,r_dns_a,Domain_159f335bacad1121ad842774ce8978bd80743024cdce7da556b6f65bfa5c45cc,IP_59552c22be20f5bcdb1471b912088b2f4249a39d27993e590467e5c3c8b6490d
181757,r_dns_a,Domain_159f335bacad1121ad842774ce8978bd80743024cdce7da556b6f65bfa5c45cc,IP_9cce7b91055298b9ca037a57512fe89d2c27549c954e62e90df7b57944199ef0
181776,r_dns_a,Domain_159f335bacad1121ad842774ce8978bd80743024cdce7da556b6f65bfa5c45cc,IP_3ecc66c03e127ebabcdfef18e21ea65a3fc43962866d14ecbce64c4c7bf1406c
181798,r_dns_a,Domain_159f335bacad1121ad842774ce8978bd80743024cdce7da556b6f65bfa5c45cc,IP_071d3637341dd8425b4de6df6dac5b09840ed3a5b499b999116539d3d6845966
181815,r_cname,Domain_159f335bacad1121ad842774ce8978bd80743024cdce7da556b6f65bfa5c45cc,Domain_dc174171f57f222cb871b48f201d974bef3f067f2506a644c696c6183545b183
181828,r_whois_name,Domain_159f335bacad1121ad842774ce8978bd80743024cdce7da556b6f65bfa5c45cc,Whois_Name_2e7b31dda4a36838743b73fd137003e0f7980948ad566d8b2d3ac09a578a9da3
830004,r_cert,Domain_e58d780231d293eed47d4430cf5c413423d43a6e0a50b90430ac35b03277a304,Cert_5e51d942460c7a85a67e99b3e38c05dd193222bddfafc3753514acd2923da8a8
832763,r_cert,Domain_aeae9d946a06465b2144c5d97ee6b90c77ebe3cda2adecd443ad2051514844e0,Cert_5e51d942460c7a85a67e99b3e38c05dd193222bddfafc3753514acd2923da8a8
832793,r_cert,Domain_6a9758ce66d02f00f54b9f4f7481c445f215cb91c63b2e0d3de7037a394838ef,Cert_5e51d942460c7a85a67e99b3e38c05dd193222bddfafc3753514acd2923da8a8
832969,r_cert,Domain_e0a4e999925e37391187d7ab2ef465979271450b825b237eac24cfb7bf2e4be5,Cert_5e51d942460c7a85a67e99b3e38c05dd193222bddfafc3753514acd2923da8a8
833265,r_cert,Domain_eebcf22a55995bbd2fd07d655f87d063cd3415854efc699f097a9f49ccda424b,Cert_5e51d942460c7a85a67e99b3e38c05dd193222bddfafc3753514acd2923da8a8
833475,r_cert,Domain_d2f3989e21abbfa3caef7a75454cd074822a552eef21ae77a5489f75fea57774,Cert_5e51d942460c7a85a67e99b3e38c05dd193222bddfafc3753514acd2923da8a8
833593,r_cert,Domain_98598def8d4979106220a801f838be9802c7f04ea552129917fc78cf6ba0030b,Cert_5e51d942460c7a85a67e99b3e38c05dd193222bddfafc3753514acd2923da8a8
833635,r_cert,Domain_2ec4d70a60afdca7e82596a791303db0b1784a0a730223752f959c3a290f2cf3,Cert_5e51d942460c7a85a67e99b3e38c05dd193222bddfafc3753514acd2923da8a8
833718,r_subdomain,Domain_ee5a1ccb74fe302a5092bb1c2e16a462a5fae9916903868c5b13a2f3fd90dfe6,Domain_df657d9565fdcf8e55ec4b8519bb44dfff176d2ab49dca1eae7bcb11aa3f721b
833762,r_cert,Domain_ee5a1ccb74fe302a5092bb1c2e16a462a5fae9916903868c5b13a2f3fd90dfe6,Cert_5e51d942460c7a85a67e99b3e38c05dd193222bddfafc3753514acd2923da8a8
833848,r_cert,Domain_537b44b1e46d178ea53d73a50f649d3ac5600b66b52abe39c4c8fc698a28214c,Cert_5e51d942460c7a85a67e99b3e38c05dd193222bddfafc3753514acd2923da8a8
833926,r_cert,Domain_bc891c6e8b03bb2cb818e39437ed58fd3b434b253fcb3eb7823a4b8ecdc3beb5,Cert_5e51d942460c7a85a67e99b3e38c05dd193222bddfafc3753514acd2923da8a8
833936,r_cert,Domain_a77f2550ba8757cd57c72eab4495a2e1c1dc834ad32067ae22eadee67fed0f4a,Cert_5e51d942460c7a85a67e99b3e38c05dd193222bddfafc3753514acd2923da8a8
834097,r_subdomain,Domain_0b9799f11455fe3d62dc57cf7b2a22024c747144cbb4dd444e7b04db079d3e88,Domain_7ae6d0d32ff4e60f81957863cd73653ea95e55438e833dacc60cfc9195a1a590
834117,r_subdomain,Domain_97a824a3c30569ed6dad3a0df1e92e856fb64dde07373b05872079e8ba937b53,Domain_baab34f44fdb9b13161f05ae44a38a7c07cd4a71f1027290f228554cd434799d
834129,r_cert,Domain_0b9799f11455fe3d62dc57cf7b2a22024c747144cbb4dd444e7b04db079d3e88,Cert_5e51d942460c7a85a67e99b3e38c05dd193222bddfafc3753514acd2923da8a8
834144,r_cert,Domain_97a824a3c30569ed6dad3a0df1e92e856fb64dde07373b05872079e8ba937b53,Cert_5e51d942460c7a85a67e99b3e38c05dd193222bddfafc3753514acd2923da8a8
834323,r_subdomain,Domain_56fd12b677c267619d1a352710dde6b62387e804a269a1c8e70b20a0c86d2e84,Domain_37aca793ccba58a07c7c7029b99f9ffb1fcdc3b00685e2bb5c4cd4ed4eef1aeb
834353,r_subdomain,Domain_ab13b4206f464d17237f92661f3358e909ef1a2fcd90a05d1e0908adfbe887c0,Domain_36a22ba6d16fa1fae5fa63cf036283edd0bc0eb67786c1423031489f9565dccb
834359,r_cert,Domain_56fd12b677c267619d1a352710dde6b62387e804a269a1c8e70b20a0c86d2e84,Cert_5e51d942460c7a85a67e99b3e38c05dd193222bddfafc3753514acd2923da8a8
834379,r_subdomain,Domain_5d4851655b9efead1e71ccf6e342b75411c0aca804e3e39cac13ecd2304e55e3,Domain_bf6ce65539ab1d1e9d9ea4d56b93826bf903430c2ecdd1f0539da667aaa1ad9c
834392,r_cert,Domain_ab13b4206f464d17237f92661f3358e909ef1a2fcd90a05d1e0908adfbe887c0,Cert_5e51d942460c7a85a67e99b3e38c05dd193222bddfafc3753514acd2923da8a8
834415,r_cert,Domain_5d4851655b9efead1e71ccf6e342b75411c0aca804e3e39cac13ecd2304e55e3,Cert_5e51d942460c7a85a67e99b3e38c05dd193222bddfafc3753514acd2923da8a8
834614,r_cert,Domain_dedcb9bf1bfce19fdddf0f80247708483b5f4dec9bc54a48e76d610f257d8991,Cert_5e51d942460c7a85a67e99b3e38c05dd193222bddfafc3753514acd2923da8a8
834677,r_cert,Domain_a724fed8c09815669f8e477e563f1541beb41edeec6a952721e96d56a4d9f26e,Cert_5e51d942460c7a85a67e99b3e38c05dd193222bddfafc3753514acd2923da8a8
834925,r_cert,Domain_42c5b4b5e3bc52c6097e2aa6c7dcded493076d53e4542a73c1ad9c5602165701,Cert_5e51d942460c7a85a67e99b3e38c05dd193222bddfafc3753514acd2923da8a8
835122,r_cert,Domain_b3084c3d8302cecd17e7bcb1f801f69f454bf86d7ac135379b71bf98c523cff1,Cert_5e51d942460c7a85a67e99b3e38c05dd193222bddfafc3753514acd2923da8a8
835239,r_cert,Domain_5eeb85e5654e7ecbeb2b8cd6ea48a84a041f92282f8d0f13fcc2162f7f8433b5,Cert_5e51d942460c7a85a67e99b3e38c05dd193222bddfafc3753514acd2923da8a8
835265,r_cert,Domain_c6e06a198f7d8a7e04b199ffba095c1364149a82a6830f926e3a33f6ad32d331,Cert_5e51d942460c7a85a67e99b3e38c05dd193222bddfafc3753514acd2923da8a8
835471,r_cert,Domain_5385ecbf55318426a49ad83044e34de584c894da7c0cceb03acea88bcf55b298,Cert_5e51d942460c7a85a67e99b3e38c05dd193222bddfafc3753514acd2923da8a8
835794,r_cert,Domain_a46344492f69bcfcd2398629eea8ab8e54734e98b3557aa74f057a80f9d1e3c3,Cert_5e51d942460c7a85a67e99b3e38c05dd193222bddfafc3753514acd2923da8a8
835840,r_cert,Domain_41f636afba511d6de7e4badbe94aab2f1ae76e48460aa3a18a29a1c9229fe407,Cert_5e51d942460c7a85a67e99b3e38c05dd193222bddfafc3753514acd2923da8a8
857021,r_cert,Domain_d91f4312d2b8e5e688aec9f6478be578f487ce435a86c1fcf6e0f939e0089773,Cert_4b08c451cbfbcccda84991affb1b044c3bb3129d60c5461f71068b73f79dd289
857469,r_cert,Domain_43ab1f2a105c9c4cd85e31680f172ff6613927afc6322837ee6e5475c975bba5,Cert_4b08c451cbfbcccda84991affb1b044c3bb3129d60c5461f71068b73f79dd289
857635,r_cert,Domain_b7b7626795c74ef3eb314eb84576252c3117110d7b5b77bb6e8e049955fb7957,Cert_4b08c451cbfbcccda84991affb1b044c3bb3129d60c5461f71068b73f79dd289
857819,r_cert,Domain_14162923ee328a45a7c93dde92c77aa6058016cbcffedc1d16afcc3f9b67c7a2,Cert_4b08c451cbfbcccda84991affb1b044c3bb3129d60c5461f71068b73f79dd289
858827,r_cert,Domain_f79d200925eed3c68270de8284b784dee2ef1c269c5f211c9f9b4509e9d2362b,Cert_4b08c451cbfbcccda84991affb1b044c3bb3129d60c5461f71068b73f79dd289
859036,r_cert,Domain_a25a49582b4dd444d1e6baa8b58e7173c8f34ad6140a6b9206d19317c15c109a,Cert_4b08c451cbfbcccda84991affb1b044c3bb3129d60c5461f71068b73f79dd289
859286,r_cert,Domain_16372db19dcd78182323887b87543411141b3406474f9f61afdb97be2f240574,Cert_4b08c451cbfbcccda84991affb1b044c3bb3129d60c5461f71068b73f79dd289
859471,r_cert,Domain_392e1d392a10523674648f3af2dac9f160c4989ea1b7eb19a6efd55dbbe83739,Cert_4b08c451cbfbcccda84991affb1b044c3bb3129d60c5461f71068b73f79dd289
860593,r_cert,Domain_40a1699d97fc7eb7295d59679c1d9bd0c63e4c971f177b9d55ac01841467be91,Cert_4b08c451cbfbcccda84991affb1b044c3bb3129d60c5461f71068b73f79dd289
863279,r_cert,Domain_39357155caa15b6b138d38074e0bd68c2b9c9c486ceedac85edafcadf4c51552,Cert_4b08c451cbfbcccda84991affb1b044c3bb3129d60c5461f71068b73f79dd289
863378,r_cert,Domain_53c46a7e80c7160f5727777b7ffafec75e1090bef860d45dd4b8cadf7f22506f,Cert_4b08c451cbfbcccda84991affb1b044c3bb3129d60c5461f71068b73f79dd289
867715,r_cert,Domain_dfac8831cecf865d3111451f85c385b10217f2093593b8fa86f9f2c1196c51a4,Cert_5e51d942460c7a85a67e99b3e38c05dd193222bddfafc3753514acd2923da8a8
875632,r_asn,IP_484cb8c83dbb2b161d06827bcfd309ae96f0a562f87c253d9ba853ec8ef3992e,ASN_1f83591eb6ec16e2f3aaecce203544e3ad2cac00ba23a570973a8709bce496ff
875652,r_cidr,IP_484cb8c83dbb2b161d06827bcfd309ae96f0a562f87c253d9ba853ec8ef3992e,IP_CIDR_1c63d9e42d80f7b2c3d2ffcd9b864b9c30d3f16ed14ac40a2df15a576cae48f2
875750,r_cert,Domain_b2f8b738cf0111a2a655c6fce72318a003055bda9bde32c991359ff946e387e9,Cert_5e51d942460c7a85a67e99b3e38c05dd193222bddfafc3753514acd2923da8a8
876028,r_dns_a,Domain_2d24e2fc6aa09cdf10d76d52fc85aefe933ce4d1620a425f5a99691f4d3354d6,IP_adc6663a9f5b3450e27feb14489d28ab7d9e3962ec19e469ab91e87610158b82
876029,r_dns_a,Domain_2d24e2fc6aa09cdf10d76d52fc85aefe933ce4d1620a425f5a99691f4d3354d6,IP_484cb8c83dbb2b161d06827bcfd309ae96f0a562f87c253d9ba853ec8ef3992e
876053,r_cidr,IP_04a892e30db6e1d1b18c7dc74a70ba87b5886be4008c22cff026b6ae1d36e2ba,IP_CIDR_d6145a7c0c58144673db3d113efb852f0b8a026c0e9bc194ea672f3ae6ab6722
876378,r_dns_a,Domain_e9b51cab44574fc235801d3d7e6eafbb36c3a6da855e8cae4df9df1e957b422f,IP_484cb8c83dbb2b161d06827bcfd309ae96f0a562f87c253d9ba853ec8ef3992e
876379,r_dns_a,Domain_e9b51cab44574fc235801d3d7e6eafbb36c3a6da855e8cae4df9df1e957b422f,IP_adc6663a9f5b3450e27feb14489d28ab7d9e3962ec19e469ab91e87610158b82
876387,r_whois_name,Domain_2d24e2fc6aa09cdf10d76d52fc85aefe933ce4d1620a425f5a99691f4d3354d6,Whois_Name_2e7b31dda4a36838743b73fd137003e0f7980948ad566d8b2d3ac09a578a9da3
876395,r_dns_a,Domain_9b3b348e27adf00f65ed0f3361b6bd884fd5bdd0ee05800dc8310ff0eceae960,IP_adc6663a9f5b3450e27feb14489d28ab7d9e3962ec19e469ab91e87610158b82
876399,r_dns_a,Domain_9b3b348e27adf00f65ed0f3361b6bd884fd5bdd0ee05800dc8310ff0eceae960,IP_484cb8c83dbb2b161d06827bcfd309ae96f0a562f87c253d9ba853ec8ef3992e
876416,r_dns_a,Domain_898a25d46f1fc43f479b7a40883aa34de89d120e9ad79b274713ddd7f3ae9c5d,IP_484cb8c83dbb2b161d06827bcfd309ae96f0a562f87c253d9ba853ec8ef3992e
876417,r_dns_a,Domain_898a25d46f1fc43f479b7a40883aa34de89d120e9ad79b274713ddd7f3ae9c5d,IP_adc6663a9f5b3450e27feb14489d28ab7d9e3962ec19e469ab91e87610158b82
876435,r_dns_a,Domain_bc3f88a71915dbb82a51d7992979545bcb6ac8899eb2df4103d7e9c9db999b08,IP_484cb8c83dbb2b161d06827bcfd309ae96f0a562f87c253d9ba853ec8ef3992e
876441,r_dns_a,Domain_bc3f88a71915dbb82a51d7992979545bcb6ac8899eb2df4103d7e9c9db999b08,IP_adc6663a9f5b3450e27feb14489d28ab7d9e3962ec19e469ab91e87610158b82
876460,r_dns_a,Domain_56a1d6fb3a31ac293107ec1e41ef31f8b040081e2b317c085c80822cbca58780,IP_484cb8c83dbb2b161d06827bcfd309ae96f0a562f87c253d9ba853ec8ef3992e
876461,r_dns_a,Domain_56a1d6fb3a31ac293107ec1e41ef31f8b040081e2b317c085c80822cbca58780,IP_adc6663a9f5b3450e27feb14489d28ab7d9e3962ec19e469ab91e87610158b82
876474,r_dns_a,Domain_644262f5bb9ded4311627db434715d6c0a27d34f59b6b4beebcf39232dee4f15,IP_adc6663a9f5b3450e27feb14489d28ab7d9e3962ec19e469ab91e87610158b82
876482,r_dns_a,Domain_644262f5bb9ded4311627db434715d6c0a27d34f59b6b4beebcf39232dee4f15,IP_484cb8c83dbb2b161d06827bcfd309ae96f0a562f87c253d9ba853ec8ef3992e
876494,r_dns_a,Domain_d49f86d1c2d3953e4f822f4ed797292ff3ccaf4f2d321b3c52b099b3bf28230b,IP_adc6663a9f5b3450e27feb14489d28ab7d9e3962ec19e469ab91e87610158b82
876495,r_dns_a,Domain_d49f86d1c2d3953e4f822f4ed797292ff3ccaf4f2d321b3c52b099b3bf28230b,IP_484cb8c83dbb2b161d06827bcfd309ae96f0a562f87c253d9ba853ec8ef3992e
876510,r_dns_a,Domain_a72a9ab886ba77bbb3e83d741dd6aa70c798aab8da398280d15170e2496fd963,IP_484cb8c83dbb2b161d06827bcfd309ae96f0a562f87c253d9ba853ec8ef3992e
876518,r_dns_a,Domain_a72a9ab886ba77bbb3e83d741dd6aa70c798aab8da398280d15170e2496fd963,IP_adc6663a9f5b3450e27feb14489d28ab7d9e3962ec19e469ab91e87610158b82
876534,r_dns_a,Domain_f8966e285cd154a751fe5ad8eb96662ef38351b61a18440918be674cdab9b9a9,IP_adc6663a9f5b3450e27feb14489d28ab7d9e3962ec19e469ab91e87610158b82
876537,r_dns_a,Domain_f8966e285cd154a751fe5ad8eb96662ef38351b61a18440918be674cdab9b9a9,IP_484cb8c83dbb2b161d06827bcfd309ae96f0a562f87c253d9ba853ec8ef3992e
876552,r_cidr,IP_2452eec85989269cccf790f44919b86699b4721645c693fdf11a50fbfb143759,IP_CIDR_0ef655815e8166c6737548079f6e14fe9bca8f9538d5391e2edcd83c1199a516
876555,r_dns_a,Domain_68f5969a958bd10a0a8de7f43c51ce8113ee97ead4d6695c3b5a69c155305700,IP_484cb8c83dbb2b161d06827bcfd309ae96f0a562f87c253d9ba853ec8ef3992e
876560,r_dns_a,Domain_68f5969a958bd10a0a8de7f43c51ce8113ee97ead4d6695c3b5a69c155305700,IP_adc6663a9f5b3450e27feb14489d28ab7d9e3962ec19e469ab91e87610158b82
876576,r_dns_a,Domain_3135613fbd939e4953e18fdc5e9bc1be4ad5ece4110aedf97bd5de5a16fcc9e7,IP_adc6663a9f5b3450e27feb14489d28ab7d9e3962ec19e469ab91e87610158b82
876578,r_dns_a,Domain_3135613fbd939e4953e18fdc5e9bc1be4ad5ece4110aedf97bd5de5a16fcc9e7,IP_484cb8c83dbb2b161d06827bcfd309ae96f0a562f87c253d9ba853ec8ef3992e
876596,r_dns_a,Domain_c0d083f78e5d3e51fbf22e649c14785faf9b3e42f275b1418715e3fe7243ea38,IP_484cb8c83dbb2b161d06827bcfd309ae96f0a562f87c253d9ba853ec8ef3992e
876599,r_dns_a,Domain_c0d083f78e5d3e51fbf22e649c14785faf9b3e42f275b1418715e3fe7243ea38,IP_adc6663a9f5b3450e27feb14489d28ab7d9e3962ec19e469ab91e87610158b82
876618,r_dns_a,Domain_b15c0475a7c20a58711f7c923717a60621ec0decfc1a89592df2eb8588a3b45d,IP_adc6663a9f5b3450e27feb14489d28ab7d9e3962ec19e469ab91e87610158b82
876621,r_dns_a,Domain_b15c0475a7c20a58711f7c923717a60621ec0decfc1a89592df2eb8588a3b45d,IP_484cb8c83dbb2b161d06827bcfd309ae96f0a562f87c253d9ba853ec8ef3992e
876633,r_dns_a,Domain_9cc63dcf4ce442068e302801fcce60b789700445974161bd647173aa69395858,IP_484cb8c83dbb2b161d06827bcfd309ae96f0a562f87c253d9ba853ec8ef3992e
876639,r_dns_a,Domain_9cc63dcf4ce442068e302801fcce60b789700445974161bd647173aa69395858,IP_adc6663a9f5b3450e27feb14489d28ab7d9e3962ec19e469ab91e87610158b82
876654,r_dns_a,Domain_b2b0d0ef71e04628b61d93efbeefa6decf0f89f6a0dfd46c13cd116c4018fc99,IP_adc6663a9f5b3450e27feb14489d28ab7d9e3962ec19e469ab91e87610158b82
876657,r_dns_a,Domain_b2b0d0ef71e04628b61d93efbeefa6decf0f89f6a0dfd46c13cd116c4018fc99,IP_484cb8c83dbb2b161d06827bcfd309ae96f0a562f87c253d9ba853ec8ef3992e
876673,r_dns_a,Domain_a1a20fd38e7fd84018f5e930e1a799c4265d294a439684499cf1481171678300,IP_484cb8c83dbb2b161d06827bcfd309ae96f0a562f87c253d9ba853ec8ef3992e
876679,r_dns_a,Domain_a1a20fd38e7fd84018f5e930e1a799c4265d294a439684499cf1481171678300,IP_adc6663a9f5b3450e27feb14489d28ab7d9e3962ec19e469ab91e87610158b82
876697,r_dns_a,Domain_6b8de5bed3cdc95b6a692cc31c08da24d4abb10e25c1d87f55ad2be15ecf8b67,IP_adc6663a9f5b3450e27feb14489d28ab7d9e3962ec19e469ab91e87610158b82
876698,r_dns_a,Domain_6b8de5bed3cdc95b6a692cc31c08da24d4abb10e25c1d87f55ad2be15ecf8b67,IP_484cb8c83dbb2b161d06827bcfd309ae96f0a562f87c253d9ba853ec8ef3992e
876711,r_dns_a,Domain_e515df7af8d76a29a3d71826b1867bfa04242d4665651b61c07869e628848866,IP_04a892e30db6e1d1b18c7dc74a70ba87b5886be4008c22cff026b6ae1d36e2ba
876715,r_dns_a,Domain_e600d04fb56894c668915f8c931bb5451047e24a9fb3588b3803df7bbd989d9a,IP_484cb8c83dbb2b161d06827bcfd309ae96f0a562f87c253d9ba853ec8ef3992e
876721,r_dns_a,Domain_e600d04fb56894c668915f8c931bb5451047e24a9fb3588b3803df7bbd989d9a,IP_adc6663a9f5b3450e27feb14489d28ab7d9e3962ec19e469ab91e87610158b82
876739,r_dns_a,Domain_d260d8daec56150f1836a28237b03e66950b340b5ad01750f784d3c9c02565aa,IP_adc6663a9f5b3450e27feb14489d28ab7d9e3962ec19e469ab91e87610158b82
876740,r_dns_a,Domain_d260d8daec56150f1836a28237b03e66950b340b5ad01750f784d3c9c02565aa,IP_484cb8c83dbb2b161d06827bcfd309ae96f0a562f87c253d9ba853ec8ef3992e
876747,r_dns_a,Domain_2a11cdaaf9d043daaaf91c1bc32e2874beba6ba4d2415551e3a283a06e393718,IP_04a892e30db6e1d1b18c7dc74a70ba87b5886be4008c22cff026b6ae1d36e2ba
876757,r_dns_a,Domain_5a622ddcdd83637cbb31b5e4667026a62fca9edfd55d0301bfe0d34cd3fee3ad,IP_484cb8c83dbb2b161d06827bcfd309ae96f0a562f87c253d9ba853ec8ef3992e
876763,r_dns_a,Domain_5a622ddcdd83637cbb31b5e4667026a62fca9edfd55d0301bfe0d34cd3fee3ad,IP_adc6663a9f5b3450e27feb14489d28ab7d9e3962ec19e469ab91e87610158b82
876782,r_dns_a,Domain_bfd807ab5299da6210e73324db4f37881c3dc33ffb7efca204b33233448cea31,IP_adc6663a9f5b3450e27feb14489d28ab7d9e3962ec19e469ab91e87610158b82
876785,r_dns_a,Domain_bfd807ab5299da6210e73324db4f37881c3dc33ffb7efca204b33233448cea31,IP_484cb8c83dbb2b161d06827bcfd309ae96f0a562f87c253d9ba853ec8ef3992e
876789,r_dns_a,Domain_091d95bbbac9645cdd335c83a72b0ce15f917131d34b3380dba73f9e7e470850,IP_ec7c6a4c9141baeeb0738ade88900f214ca99b148e9ebb49df559c056ee70af1
876794,r_dns_a,Domain_091d95bbbac9645cdd335c83a72b0ce15f917131d34b3380dba73f9e7e470850,IP_27c7a1f353d12bfce22bf92458720274f9514de4c1e4f42e5d83352c6b66f7be
876798,r_dns_a,Domain_091d95bbbac9645cdd335c83a72b0ce15f917131d34b3380dba73f9e7e470850,IP_04a892e30db6e1d1b18c7dc74a70ba87b5886be4008c22cff026b6ae1d36e2ba
876799,r_dns_a,Domain_091fdbd59b22d254767a9ea90d213787d702d7e3dc128153998a0b18a7364c09,IP_484cb8c83dbb2b161d06827bcfd309ae96f0a562f87c253d9ba853ec8ef3992e
876806,r_dns_a,Domain_091fdbd59b22d254767a9ea90d213787d702d7e3dc128153998a0b18a7364c09,IP_adc6663a9f5b3450e27feb14489d28ab7d9e3962ec19e469ab91e87610158b82
876822,r_dns_a,Domain_f4c60013b49b5487a6fc1296dd0d997aae5a73efe2f17f24dbfe17e8eb8add1d,IP_adc6663a9f5b3450e27feb14489d28ab7d9e3962ec19e469ab91e87610158b82
876823,r_dns_a,Domain_f4c60013b49b5487a6fc1296dd0d997aae5a73efe2f17f24dbfe17e8eb8add1d,IP_484cb8c83dbb2b161d06827bcfd309ae96f0a562f87c253d9ba853ec8ef3992e
876924,r_asn,IP_c38901e05a3ab7a978e7e62a2e4552f25df55b46e4849cf2fe63bb150d5fd04e,ASN_3acb98d8043248d884b0236acff6e75a199b89dff521dcc142d59df236c7992e
876936,r_dns_a,Domain_091d95bbbac9645cdd335c83a72b0ce15f917131d34b3380dba73f9e7e470850,IP_2dacea9ea0004d3e95bf48071b111d32c915e6558804a0088f97fcb167d8edce
876943,r_cidr,IP_c38901e05a3ab7a978e7e62a2e4552f25df55b46e4849cf2fe63bb150d5fd04e,IP_CIDR_a7bac1679ce506f6ace5d66028eb98a84c263240c9be86f0255f605bfeffa90e
876972,r_dns_a,Domain_a03fe28a32e460a78938fd69f32e77d66318238ad6906eb11ab3dd84f32dd4ec,IP_04a892e30db6e1d1b18c7dc74a70ba87b5886be4008c22cff026b6ae1d36e2ba
877014,r_dns_a,Domain_20eeb3c6db7881b5fcbf67c56d067052452f6f7c54afa4e6980a79da524a83ee,IP_adc6663a9f5b3450e27feb14489d28ab7d9e3962ec19e469ab91e87610158b82
877019,r_dns_a,Domain_20eeb3c6db7881b5fcbf67c56d067052452f6f7c54afa4e6980a79da524a83ee,IP_484cb8c83dbb2b161d06827bcfd309ae96f0a562f87c253d9ba853ec8ef3992e
877069,r_dns_a,Domain_4622273dbaaf6ffe07e07757f419d7e4122bd1eecfabddd67af6cbae61ab3b3a,IP_adc6663a9f5b3450e27feb14489d28ab7d9e3962ec19e469ab91e87610158b82
877072,r_dns_a,Domain_4622273dbaaf6ffe07e07757f419d7e4122bd1eecfabddd67af6cbae61ab3b3a,IP_484cb8c83dbb2b161d06827bcfd309ae96f0a562f87c253d9ba853ec8ef3992e
877127,r_dns_a,Domain_408f8e1b6b6c7451d59f66b87c475175c720a55bba97c2397bdcfeaed1fe9364,IP_ec7c6a4c9141baeeb0738ade88900f214ca99b148e9ebb49df559c056ee70af1
877154,r_dns_a,Domain_17b5f09a73c4e04610269c56150280610a8ecf3b66bfeeb9140cf3e9ef78916e,IP_c38901e05a3ab7a978e7e62a2e4552f25df55b46e4849cf2fe63bb150d5fd04e
877212,r_dns_a,Domain_d1ba1851aef78d40ff7a244dd09635deb3ddfca08a8aef28de315d18afb54736,IP_c38901e05a3ab7a978e7e62a2e4552f25df55b46e4849cf2fe63bb150d5fd04e
877233,r_dns_a,Domain_ae47b075f19f8b1567c706a59faf64ce4b7af659456058c683973c62d6e8d8b3,IP_c38901e05a3ab7a978e7e62a2e4552f25df55b46e4849cf2fe63bb150d5fd04e
877267,r_dns_a,Domain_1e6cfe8b6eabdad72d1949bac588ae626076f77236f0af8264f2d067dfbbca49,IP_adc6663a9f5b3450e27feb14489d28ab7d9e3962ec19e469ab91e87610158b82
877271,r_dns_a,Domain_1e6cfe8b6eabdad72d1949bac588ae626076f77236f0af8264f2d067dfbbca49,IP_484cb8c83dbb2b161d06827bcfd309ae96f0a562f87c253d9ba853ec8ef3992e
877292,r_dns_a,Domain_7c199ccc83f92bf6fb97e88e96d9f9b1f3d02d0614cafcd4572e6a999856ef2f,IP_484cb8c83dbb2b161d06827bcfd309ae96f0a562f87c253d9ba853ec8ef3992e
877294,r_dns_a,Domain_7c199ccc83f92bf6fb97e88e96d9f9b1f3d02d0614cafcd4572e6a999856ef2f,IP_adc6663a9f5b3450e27feb14489d28ab7d9e3962ec19e469ab91e87610158b82
877300,r_dns_a,Domain_091d95bbbac9645cdd335c83a72b0ce15f917131d34b3380dba73f9e7e470850,IP_8f5d4fae7d5698463bcea33a6129bc2b2a51760767db1a88cb8b8c1b477c4506
877360,r_dns_a,Domain_a99c03af57d062dd5de876bbb6ac97b85c7ea61c2b1c4ff548b6e63431585bfd,IP_c38901e05a3ab7a978e7e62a2e4552f25df55b46e4849cf2fe63bb150d5fd04e
877369,r_dns_a,Domain_a9b66b41710430c182599e0044bb22e53b56c1cbbaab9d45ba592b62e6649793,IP_04a892e30db6e1d1b18c7dc74a70ba87b5886be4008c22cff026b6ae1d36e2ba
877480,r_dns_a,Domain_ae47b075f19f8b1567c706a59faf64ce4b7af659456058c683973c62d6e8d8b3,IP_00d5fd185351f586f304a3cd181e59f1a2283055ef3b714b3d2250e59c6c8a0d
877481,r_dns_a,Domain_6c3ad0d06250d309aa55ff3300af2c0184cef8c7a4a8c9121026918990a86a8f,IP_04a892e30db6e1d1b18c7dc74a70ba87b5886be4008c22cff026b6ae1d36e2ba
877489,r_dns_a,Domain_091d95bbbac9645cdd335c83a72b0ce15f917131d34b3380dba73f9e7e470850,IP_da8e8c369f714d9e0bffab4968fde0650fcc4b18c3d8c5894d76b9248c722c68
877502,r_dns_a,Domain_a5d25673fc1219e767311e28e4b3e9914151d7c368253cfa539300fefc402dd0,IP_ec7c6a4c9141baeeb0738ade88900f214ca99b148e9ebb49df559c056ee70af1
877537,r_dns_a,Domain_091d95bbbac9645cdd335c83a72b0ce15f917131d34b3380dba73f9e7e470850,IP_8be79068b5b1a158c7f08d4f5952e19ca76b457c723e7844478d71c80c559798
877584,r_dns_a,Domain_eea6e254cb112bdd86313dbe505e239bcd0fae6c0af9bdef6defffb5cebcbb87,IP_04a892e30db6e1d1b18c7dc74a70ba87b5886be4008c22cff026b6ae1d36e2ba
877590,r_dns_a,Domain_92dd3c00bad63acd8c6d36d555bb18bb848409c93ab4f3ff5a68a54d0f3cfdcb,IP_c38901e05a3ab7a978e7e62a2e4552f25df55b46e4849cf2fe63bb150d5fd04e
877591,r_dns_a,Domain_a99c03af57d062dd5de876bbb6ac97b85c7ea61c2b1c4ff548b6e63431585bfd,IP_00d5fd185351f586f304a3cd181e59f1a2283055ef3b714b3d2250e59c6c8a0d
877612,r_dns_a,Domain_496f82987911de59e42d8da8e44225213da781a13dd5edc53fa7a30df4017291,IP_c38901e05a3ab7a978e7e62a2e4552f25df55b46e4849cf2fe63bb150d5fd04e
877629,r_dns_a,Domain_48ca91beab3375167342baefec02ce4f26666722251efca8ef90ea7ffde7790f,IP_c38901e05a3ab7a978e7e62a2e4552f25df55b46e4849cf2fe63bb150d5fd04e
877652,r_dns_a,Domain_9e8ef0c173de0cac4940df8821d320e084e1e3b7dcdda4d552fe9fa400d867bd,IP_c38901e05a3ab7a978e7e62a2e4552f25df55b46e4849cf2fe63bb150d5fd04e
877658,r_dns_a,Domain_2a11cdaaf9d043daaaf91c1bc32e2874beba6ba4d2415551e3a283a06e393718,IP_2452eec85989269cccf790f44919b86699b4721645c693fdf11a50fbfb143759
877670,r_dns_a,Domain_5371dc3d6cddd485d45ae9399fe3c73730adebd7051476366473fe3c4e592272,IP_c38901e05a3ab7a978e7e62a2e4552f25df55b46e4849cf2fe63bb150d5fd04e
877707,r_dns_a,Domain_b060b73ed717741921db1916bd6348c5da913ab1300eb526fe5efe38a97ad6dc,IP_c38901e05a3ab7a978e7e62a2e4552f25df55b46e4849cf2fe63bb150d5fd04e
877719,r_dns_a,Domain_091d95bbbac9645cdd335c83a72b0ce15f917131d34b3380dba73f9e7e470850,IP_2452eec85989269cccf790f44919b86699b4721645c693fdf11a50fbfb143759
877730,r_dns_a,Domain_d3e9ea0d6baf834aa4222fade130377db53c380f60789792d3ac92acd23acfe4,IP_04a892e30db6e1d1b18c7dc74a70ba87b5886be4008c22cff026b6ae1d36e2ba
877745,r_dns_a,Domain_50c236ca563fbe72f484cefa96a4b1413db9c6517f45920f36603310b211823b,IP_c38901e05a3ab7a978e7e62a2e4552f25df55b46e4849cf2fe63bb150d5fd04e
877765,r_dns_a,Domain_20eeb3c6db7881b5fcbf67c56d067052452f6f7c54afa4e6980a79da524a83ee,IP_c38901e05a3ab7a978e7e62a2e4552f25df55b46e4849cf2fe63bb150d5fd04e
877784,r_dns_a,Domain_83de59ec69160bd83cc5cbd86d6e56f28ddc1b002809df2c2dd54295449ff96c,IP_c38901e05a3ab7a978e7e62a2e4552f25df55b46e4849cf2fe63bb150d5fd04e
877808,r_dns_a,Domain_92dd3c00bad63acd8c6d36d555bb18bb848409c93ab4f3ff5a68a54d0f3cfdcb,IP_00d5fd185351f586f304a3cd181e59f1a2283055ef3b714b3d2250e59c6c8a0d
877825,r_dns_a,Domain_496f82987911de59e42d8da8e44225213da781a13dd5edc53fa7a30df4017291,IP_00d5fd185351f586f304a3cd181e59f1a2283055ef3b714b3d2250e59c6c8a0d
877844,r_dns_a,Domain_48ca91beab3375167342baefec02ce4f26666722251efca8ef90ea7ffde7790f,IP_00d5fd185351f586f304a3cd181e59f1a2283055ef3b714b3d2250e59c6c8a0d
877861,r_dns_a,Domain_9e8ef0c173de0cac4940df8821d320e084e1e3b7dcdda4d552fe9fa400d867bd,IP_00d5fd185351f586f304a3cd181e59f1a2283055ef3b714b3d2250e59c6c8a0d
877881,r_dns_a,Domain_5371dc3d6cddd485d45ae9399fe3c73730adebd7051476366473fe3c4e592272,IP_00d5fd185351f586f304a3cd181e59f1a2283055ef3b714b3d2250e59c6c8a0d
877886,r_dns_a,Domain_091d95bbbac9645cdd335c83a72b0ce15f917131d34b3380dba73f9e7e470850,IP_e4af94aa00c2d0db1e09084dcc2d28e8d47a9c29ba0e8c36a288376d7d8bc696
877918,r_dns_a,Domain_ab756f4f0fe85d3239a2b8133d259b1686ef3d1e77e713f61306541fc76da1a3,IP_c38901e05a3ab7a978e7e62a2e4552f25df55b46e4849cf2fe63bb150d5fd04e
877919,r_dns_a,Domain_10438d638342920e93dcc109df7a6996b3435903c8193ae9ab9708063bf23d1e,IP_04a892e30db6e1d1b18c7dc74a70ba87b5886be4008c22cff026b6ae1d36e2ba
877933,r_dns_a,Domain_091d95bbbac9645cdd335c83a72b0ce15f917131d34b3380dba73f9e7e470850,IP_c3e45118584a51aa71ba3f249fdd49b0173b17dd43d244b6a5ddc2c50e67e27d
877934,r_dns_a,Domain_50c236ca563fbe72f484cefa96a4b1413db9c6517f45920f36603310b211823b,IP_00d5fd185351f586f304a3cd181e59f1a2283055ef3b714b3d2250e59c6c8a0d
877936,r_dns_a,Domain_3948ac3c4b397f54c373676c63cccce7ea5fe5f28315dfd1ccc79d076d6bd547,IP_04a892e30db6e1d1b18c7dc74a70ba87b5886be4008c22cff026b6ae1d36e2ba
877943,r_dns_a,Domain_3948ac3c4b397f54c373676c63cccce7ea5fe5f28315dfd1ccc79d076d6bd547,IP_27c7a1f353d12bfce22bf92458720274f9514de4c1e4f42e5d83352c6b66f7be
877956,r_dns_a,Domain_20eeb3c6db7881b5fcbf67c56d067052452f6f7c54afa4e6980a79da524a83ee,IP_00d5fd185351f586f304a3cd181e59f1a2283055ef3b714b3d2250e59c6c8a0d
877965,r_dns_a,Domain_810813b0b6b3e2746f88b52cced47e885b60952d2097a5991ca8ec2228e29ca1,IP_04a892e30db6e1d1b18c7dc74a70ba87b5886be4008c22cff026b6ae1d36e2ba
877977,r_dns_a,Domain_e515df7af8d76a29a3d71826b1867bfa04242d4665651b61c07869e628848866,IP_c38901e05a3ab7a978e7e62a2e4552f25df55b46e4849cf2fe63bb150d5fd04e
877984,r_dns_a,Domain_50715cdf7528b58ed19c2a49e50500370984804dd0823131347847fb4f18032b,IP_27c7a1f353d12bfce22bf92458720274f9514de4c1e4f42e5d83352c6b66f7be
878038,r_dns_a,Domain_c4c95b2b892f8ee6462fc1cddf41a6ee4b5c7607e7bf65823bac2600b3556365,IP_c38901e05a3ab7a978e7e62a2e4552f25df55b46e4849cf2fe63bb150d5fd04e
878055,r_dns_a,Domain_ab18286dc4b08b4a5ebe259d66b08cce888706acfbafe2b557276ad0a876bd6c,IP_c38901e05a3ab7a978e7e62a2e4552f25df55b46e4849cf2fe63bb150d5fd04e
878059,r_dns_a,Domain_ab756f4f0fe85d3239a2b8133d259b1686ef3d1e77e713f61306541fc76da1a3,IP_00d5fd185351f586f304a3cd181e59f1a2283055ef3b714b3d2250e59c6c8a0d
878069,r_dns_a,Domain_dc174171f57f222cb871b48f201d974bef3f067f2506a644c696c6183545b183,IP_e23b3aca63c7bb3dbedab9cbab77e6aa0b91d71eb208a38ccfca1fb1bc94e2e0
878090,r_dns_a,Domain_dc174171f57f222cb871b48f201d974bef3f067f2506a644c696c6183545b183,IP_a89f104e4d00f093e71472da7077196dbacc1a667ca8fbd69e6344373b9d5ceb
878114,r_dns_a,Domain_c4c95b2b892f8ee6462fc1cddf41a6ee4b5c7607e7bf65823bac2600b3556365,IP_00d5fd185351f586f304a3cd181e59f1a2283055ef3b714b3d2250e59c6c8a0d
878116,r_dns_a,Domain_dc174171f57f222cb871b48f201d974bef3f067f2506a644c696c6183545b183,IP_f7a261f55ec2023fcfd0e45b563ae4c097067c6b23fac2b21ce12dfae192d604
878124,r_dns_a,Domain_091d95bbbac9645cdd335c83a72b0ce15f917131d34b3380dba73f9e7e470850,IP_c38901e05a3ab7a978e7e62a2e4552f25df55b46e4849cf2fe63bb150d5fd04e
878141,r_dns_a,Domain_dc174171f57f222cb871b48f201d974bef3f067f2506a644c696c6183545b183,IP_857e7d563ecac150f40b092dfd1f36748a25ac741834b79ab3ec818685ead40f
878162,r_dns_a,Domain_dc174171f57f222cb871b48f201d974bef3f067f2506a644c696c6183545b183,IP_be746261fa1c9e70405759024056b197245e7b1f81aed258aceb132a0dab83d7
878184,r_dns_a,Domain_091d95bbbac9645cdd335c83a72b0ce15f917131d34b3380dba73f9e7e470850,IP_00d5fd185351f586f304a3cd181e59f1a2283055ef3b714b3d2250e59c6c8a0d
878188,r_dns_a,Domain_dc174171f57f222cb871b48f201d974bef3f067f2506a644c696c6183545b183,IP_18de25e511aa8aeba4828baf118641dc6056d15d1085c9551ef77c47f5a95658
878193,r_dns_a,Domain_baae3bc9f2cea0e720a05b1e4d152e81a973166b545a4c99b3dfcff2f29b7961,IP_c38901e05a3ab7a978e7e62a2e4552f25df55b46e4849cf2fe63bb150d5fd04e
878204,r_dns_a,Domain_17b5f09a73c4e04610269c56150280610a8ecf3b66bfeeb9140cf3e9ef78916e,IP_071d3637341dd8425b4de6df6dac5b09840ed3a5b499b999116539d3d6845966
878209,r_cname,Domain_dc174171f57f222cb871b48f201d974bef3f067f2506a644c696c6183545b183,Domain_80b7cbb39e3a5134bb441bc3292528de30b4815fc8dbb84d80fd2d8e00ec3116
878226,r_cert,Domain_dc174171f57f222cb871b48f201d974bef3f067f2506a644c696c6183545b183,Cert_5e51d942460c7a85a67e99b3e38c05dd193222bddfafc3753514acd2923da8a8
878227,r_dns_a,Domain_47ea02b235f1b46e4294ff116e5323ee5deaa498ec1ad2d16a92cb8b966d9442,IP_c38901e05a3ab7a978e7e62a2e4552f25df55b46e4849cf2fe63bb150d5fd04e
878245,r_dns_a,Domain_22313fadc67803893dbdd48653ed725a72bdea2a133884990b0bfa08aa4e8c9f,IP_c38901e05a3ab7a978e7e62a2e4552f25df55b46e4849cf2fe63bb150d5fd04e
878252,r_dns_a,Domain_d1ba1851aef78d40ff7a244dd09635deb3ddfca08a8aef28de315d18afb54736,IP_071d3637341dd8425b4de6df6dac5b09840ed3a5b499b999116539d3d6845966
878269,r_dns_a,Domain_47ea02b235f1b46e4294ff116e5323ee5deaa498ec1ad2d16a92cb8b966d9442,IP_00d5fd185351f586f304a3cd181e59f1a2283055ef3b714b3d2250e59c6c8a0d
878286,r_dns_a,Domain_22313fadc67803893dbdd48653ed725a72bdea2a133884990b0bfa08aa4e8c9f,IP_00d5fd185351f586f304a3cd181e59f1a2283055ef3b714b3d2250e59c6c8a0d
878313,r_dns_a,Domain_a03fe28a32e460a78938fd69f32e77d66318238ad6906eb11ab3dd84f32dd4ec,IP_c38901e05a3ab7a978e7e62a2e4552f25df55b46e4849cf2fe63bb150d5fd04e
878341,r_dns_a,Domain_091d95bbbac9645cdd335c83a72b0ce15f917131d34b3380dba73f9e7e470850,IP_59552c22be20f5bcdb1471b912088b2f4249a39d27993e590467e5c3c8b6490d
878433,r_dns_a,Domain_be301af59e596da1ca91f365ba76d0a25ed4c0429e51801e6443f4025e95b2ce,IP_c38901e05a3ab7a978e7e62a2e4552f25df55b46e4849cf2fe63bb150d5fd04e
878441,r_dns_a,Domain_be301af59e596da1ca91f365ba76d0a25ed4c0429e51801e6443f4025e95b2ce,IP_00d5fd185351f586f304a3cd181e59f1a2283055ef3b714b3d2250e59c6c8a0d
878453,r_dns_a,Domain_b0bb414414d476908b6b4ad6a107b91b9cea9b7bc5eb4fa7f7764f21aea094a8,IP_c38901e05a3ab7a978e7e62a2e4552f25df55b46e4849cf2fe63bb150d5fd04e
878457,r_dns_a,Domain_b0bb414414d476908b6b4ad6a107b91b9cea9b7bc5eb4fa7f7764f21aea094a8,IP_00d5fd185351f586f304a3cd181e59f1a2283055ef3b714b3d2250e59c6c8a0d
878470,r_dns_a,Domain_c2410b219510209261cb7ce68084a44f188829c196a7db91b53086551f98f9ef,IP_c38901e05a3ab7a978e7e62a2e4552f25df55b46e4849cf2fe63bb150d5fd04e
878475,r_dns_a,Domain_c2410b219510209261cb7ce68084a44f188829c196a7db91b53086551f98f9ef,IP_00d5fd185351f586f304a3cd181e59f1a2283055ef3b714b3d2250e59c6c8a0d
878484,r_dns_a,Domain_2a75d5a28cf90f1d9a855695091adf5a46cf3380bd3e95d305bd49342844618b,IP_c38901e05a3ab7a978e7e62a2e4552f25df55b46e4849cf2fe63bb150d5fd04e
878492,r_dns_a,Domain_46794ccdd26e0f639a5e48802cf0ce79ac73ec424d8c1a50b77acafd8cd341d1,IP_00d5fd185351f586f304a3cd181e59f1a2283055ef3b714b3d2250e59c6c8a0d
878499,r_dns_a,Domain_779f6e18aa1d16b38ef967486dbd6514aeb4534afab09b3211bbbd545a70946c,IP_c38901e05a3ab7a978e7e62a2e4552f25df55b46e4849cf2fe63bb150d5fd04e
878506,r_dns_a,Domain_fd8f21752779d976dea4ecd3101b1cfa04e03bc47045a58ae2d8ec77c7473583,IP_00d5fd185351f586f304a3cd181e59f1a2283055ef3b714b3d2250e59c6c8a0d
878519,r_dns_a,Domain_46794ccdd26e0f639a5e48802cf0ce79ac73ec424d8c1a50b77acafd8cd341d1,IP_c38901e05a3ab7a978e7e62a2e4552f25df55b46e4849cf2fe63bb150d5fd04e
878521,r_dns_a,Domain_091d95bbbac9645cdd335c83a72b0ce15f917131d34b3380dba73f9e7e470850,IP_9cce7b91055298b9ca037a57512fe89d2c27549c954e62e90df7b57944199ef0
878536,r_dns_a,Domain_fd8f21752779d976dea4ecd3101b1cfa04e03bc47045a58ae2d8ec77c7473583,IP_c38901e05a3ab7a978e7e62a2e4552f25df55b46e4849cf2fe63bb150d5fd04e
878556,r_dns_a,Domain_da92b4200daecc2195a38b121dba57cd41fd31b3a19198fcbb3622e0c7b3bde4,IP_00d5fd185351f586f304a3cd181e59f1a2283055ef3b714b3d2250e59c6c8a0d
878572,r_dns_a,Domain_d08e4f6aaeaeeedddd0594bf3b4da48e0feb47c659c0c2f9d94afb8327a9383d,IP_00d5fd185351f586f304a3cd181e59f1a2283055ef3b714b3d2250e59c6c8a0d
878583,r_dns_a,Domain_bf3acedf9a833dc18c6e1c62394f176b137fcac12682f397a150e92396c59732,IP_c38901e05a3ab7a978e7e62a2e4552f25df55b46e4849cf2fe63bb150d5fd04e
878606,r_dns_a,Domain_ce04f61222e9e5e984a9944658cd7aa21577583cbdb4f7aa43ac485848165e5a,IP_00d5fd185351f586f304a3cd181e59f1a2283055ef3b714b3d2250e59c6c8a0d
878614,r_dns_a,Domain_5d300c98657f569a7b0630113732988e824c9dfd5f5ef20d4b19e0a295deac61,IP_c38901e05a3ab7a978e7e62a2e4552f25df55b46e4849cf2fe63bb150d5fd04e
878646,r_dns_a,Domain_da92b4200daecc2195a38b121dba57cd41fd31b3a19198fcbb3622e0c7b3bde4,IP_c38901e05a3ab7a978e7e62a2e4552f25df55b46e4849cf2fe63bb150d5fd04e
878649,r_dns_a,Domain_6c3ad0d06250d309aa55ff3300af2c0184cef8c7a4a8c9121026918990a86a8f,IP_00d5fd185351f586f304a3cd181e59f1a2283055ef3b714b3d2250e59c6c8a0d
878657,r_dns_a,Domain_d08e4f6aaeaeeedddd0594bf3b4da48e0feb47c659c0c2f9d94afb8327a9383d,IP_c38901e05a3ab7a978e7e62a2e4552f25df55b46e4849cf2fe63bb150d5fd04e
878690,r_dns_a,Domain_ece8caae11f8721d159d8103c3395a2bb5b0f6e98b7870072d0bdd1c1e16824b,IP_c3e45118584a51aa71ba3f249fdd49b0173b17dd43d244b6a5ddc2c50e67e27d
878710,r_dns_a,Domain_eea6e254cb112bdd86313dbe505e239bcd0fae6c0af9bdef6defffb5cebcbb87,IP_00d5fd185351f586f304a3cd181e59f1a2283055ef3b714b3d2250e59c6c8a0d
878720,r_dns_a,Domain_a9b66b41710430c182599e0044bb22e53b56c1cbbaab9d45ba592b62e6649793,IP_c38901e05a3ab7a978e7e62a2e4552f25df55b46e4849cf2fe63bb150d5fd04e
878722,r_dns_a,Domain_b060b73ed717741921db1916bd6348c5da913ab1300eb526fe5efe38a97ad6dc,IP_071d3637341dd8425b4de6df6dac5b09840ed3a5b499b999116539d3d6845966
878731,r_dns_a,Domain_ce04f61222e9e5e984a9944658cd7aa21577583cbdb4f7aa43ac485848165e5a,IP_c38901e05a3ab7a978e7e62a2e4552f25df55b46e4849cf2fe63bb150d5fd04e
878783,r_dns_a,Domain_83de59ec69160bd83cc5cbd86d6e56f28ddc1b002809df2c2dd54295449ff96c,IP_071d3637341dd8425b4de6df6dac5b09840ed3a5b499b999116539d3d6845966
878816,r_dns_a,Domain_d3e9ea0d6baf834aa4222fade130377db53c380f60789792d3ac92acd23acfe4,IP_00d5fd185351f586f304a3cd181e59f1a2283055ef3b714b3d2250e59c6c8a0d
878913,r_dns_a,Domain_091d95bbbac9645cdd335c83a72b0ce15f917131d34b3380dba73f9e7e470850,IP_3ecc66c03e127ebabcdfef18e21ea65a3fc43962866d14ecbce64c4c7bf1406c
878927,r_dns_a,Domain_10438d638342920e93dcc109df7a6996b3435903c8193ae9ab9708063bf23d1e,IP_00d5fd185351f586f304a3cd181e59f1a2283055ef3b714b3d2250e59c6c8a0d
878946,r_dns_a,Domain_810813b0b6b3e2746f88b52cced47e885b60952d2097a5991ca8ec2228e29ca1,IP_00d5fd185351f586f304a3cd181e59f1a2283055ef3b714b3d2250e59c6c8a0d
878963,r_dns_a,Domain_7a26dcaa029a39eb214f5fdf65f2674fa913710f52c6ee2e64b33fa93e5614be,IP_00d5fd185351f586f304a3cd181e59f1a2283055ef3b714b3d2250e59c6c8a0d
878976,r_dns_a,Domain_ab18286dc4b08b4a5ebe259d66b08cce888706acfbafe2b557276ad0a876bd6c,IP_071d3637341dd8425b4de6df6dac5b09840ed3a5b499b999116539d3d6845966
879042,r_dns_a,Domain_091d95bbbac9645cdd335c83a72b0ce15f917131d34b3380dba73f9e7e470850,IP_071d3637341dd8425b4de6df6dac5b09840ed3a5b499b999116539d3d6845966
879068,r_dns_a,Domain_1eddd2ab729717ed78aa97a1945eba870704473e1f2aeace3343204f1f3099e6,IP_00d5fd185351f586f304a3cd181e59f1a2283055ef3b714b3d2250e59c6c8a0d
879109,r_dns_a,Domain_baae3bc9f2cea0e720a05b1e4d152e81a973166b545a4c99b3dfcff2f29b7961,IP_071d3637341dd8425b4de6df6dac5b09840ed3a5b499b999116539d3d6845966
879117,r_dns_a,Domain_7a26dcaa029a39eb214f5fdf65f2674fa913710f52c6ee2e64b33fa93e5614be,IP_59552c22be20f5bcdb1471b912088b2f4249a39d27993e590467e5c3c8b6490d
879210,r_dns_a,Domain_1eddd2ab729717ed78aa97a1945eba870704473e1f2aeace3343204f1f3099e6,IP_59552c22be20f5bcdb1471b912088b2f4249a39d27993e590467e5c3c8b6490d
879378,r_dns_a,Domain_2a75d5a28cf90f1d9a855695091adf5a46cf3380bd3e95d305bd49342844618b,IP_071d3637341dd8425b4de6df6dac5b09840ed3a5b499b999116539d3d6845966
879392,r_dns_a,Domain_779f6e18aa1d16b38ef967486dbd6514aeb4534afab09b3211bbbd545a70946c,IP_071d3637341dd8425b4de6df6dac5b09840ed3a5b499b999116539d3d6845966
879468,r_dns_a,Domain_bf3acedf9a833dc18c6e1c62394f176b137fcac12682f397a150e92396c59732,IP_071d3637341dd8425b4de6df6dac5b09840ed3a5b499b999116539d3d6845966
879493,r_dns_a,Domain_5d300c98657f569a7b0630113732988e824c9dfd5f5ef20d4b19e0a295deac61,IP_071d3637341dd8425b4de6df6dac5b09840ed3a5b499b999116539d3d6845966
1319048,r_whois_name,Domain_ae47b075f19f8b1567c706a59faf64ce4b7af659456058c683973c62d6e8d8b3,Whois_Name_eb99b99ce373a953ce856b6d006af5456854b39ef323e3e06906019c9939046a
1632539,r_cert,Domain_f75fb9ed22a6a0bbb52bb1669da44ff8c1fc497b173ab6592d0c130865b3527b,Cert_5e51d942460c7a85a67e99b3e38c05dd193222bddfafc3753514acd2923da8a8
2366404,r_cert,Domain_16cae778e04503018b6c597ee87e130df0779673ad955f511e614424e51d8dec,Cert_5e51d942460c7a85a67e99b3e38c05dd193222bddfafc3753514acd2923da8a8
2636084,r_cert,Domain_56a7ab382c346fd4c3af93ce97c92113c4765a92d0bb1b9a9fde2241084d948f,Cert_5e51d942460c7a85a67e99b3e38c05dd193222bddfafc3753514acd2923da8a8
2872034,r_cidr,IP_c2b974267539139cd45152442d3f40b3d226878c721fc6244f6341f0bd940875,IP_CIDR_ba95d8e6e011eb4d379b80d0d826094e0637782a5a6c1f30aa6fae48f03fa53e
2872207,r_dns_a,Domain_5371dc3d6cddd485d45ae9399fe3c73730adebd7051476366473fe3c4e592272,IP_c2b974267539139cd45152442d3f40b3d226878c721fc6244f6341f0bd940875
2872238,r_dns_a,Domain_b40f2cb10bdfc6a8c3feb9b3e14a71561f9eec57a0441cda461a6e17e48565f3,IP_c2b974267539139cd45152442d3f40b3d226878c721fc6244f6341f0bd940875
2872256,r_dns_a,Domain_ecf87403ea2bc989efe1fa67711d880e8c84fd36026d5bba09f8769ab280bad1,IP_c2b974267539139cd45152442d3f40b3d226878c721fc6244f6341f0bd940875
2872271,r_dns_a,Domain_a410c48b2869f0e35c9e5c276bff5cc79163c3b681004127c53a9b64b2329534,IP_c2b974267539139cd45152442d3f40b3d226878c721fc6244f6341f0bd940875
2872290,r_dns_a,Domain_52dec4d721601f219c34805f589457f7c9f4681c556b5af431aecf653ac34bf8,IP_c2b974267539139cd45152442d3f40b3d226878c721fc6244f6341f0bd940875
2872306,r_dns_a,Domain_dff13f793c9ba92a738b1b21f8da4b1e334fdb294a2ac3207d89cbad772a47b5,IP_c2b974267539139cd45152442d3f40b3d226878c721fc6244f6341f0bd940875
2872327,r_dns_a,Domain_46ecb6c9090cb56a514542bd4b7f35e0dc478e3d56f646b89aa96c4df68ea62d,IP_c2b974267539139cd45152442d3f40b3d226878c721fc6244f6341f0bd940875
2872342,r_dns_a,Domain_2f938996a8678e48e1607a1e19f97c7446d6af62316205b582ea7a18c6d37126,IP_c2b974267539139cd45152442d3f40b3d226878c721fc6244f6341f0bd940875
2872362,r_dns_a,Domain_a935bcd99622fa3bb7ab09d33479f04515c75a082a19fe9877f1e20e5aaadcda,IP_c2b974267539139cd45152442d3f40b3d226878c721fc6244f6341f0bd940875
2872376,r_dns_a,Domain_9f6c0904505ecff1238e89c7f92304636208ca195d287ad2f981b9fa573e8173,IP_c2b974267539139cd45152442d3f40b3d226878c721fc6244f6341f0bd940875
2872396,r_dns_a,Domain_3d3d52fff67f3c14eb55b6003e768d2e76e10d2a3f357fe58b4f80dd11421652,IP_c2b974267539139cd45152442d3f40b3d226878c721fc6244f6341f0bd940875
2872414,r_dns_a,Domain_41de997e491e4d0b4d240c94df4974e43bde1af394ed076f83b36f27c6a37fb5,IP_c2b974267539139cd45152442d3f40b3d226878c721fc6244f6341f0bd940875
2872434,r_dns_a,Domain_ca2b1879e6b66eca4e71e770455e61e3a4e95b42eca4915f5dc8932554fe6464,IP_c2b974267539139cd45152442d3f40b3d226878c721fc6244f6341f0bd940875
2872450,r_dns_a,Domain_30d5b9b9ae3ae31bc371d5dbd5ab4d0441944e5200ab64ae5558fbe51c39520a,IP_c2b974267539139cd45152442d3f40b3d226878c721fc6244f6341f0bd940875
2872468,r_dns_a,Domain_ceb368313cbe246200bb0ca6ae4999cda5ef8a0e423a3c1bd866142a28e12af3,IP_c2b974267539139cd45152442d3f40b3d226878c721fc6244f6341f0bd940875
2872488,r_dns_a,Domain_e7158de23e2d9c01827b5bc1b4ae8a8789f028727dc3ed3502b248dce49b1b12,IP_c2b974267539139cd45152442d3f40b3d226878c721fc6244f6341f0bd940875
2872507,r_dns_a,Domain_851125908898883b6344829df2ec8c6a06631f181ad314e76f711bc78fb715d9,IP_c2b974267539139cd45152442d3f40b3d226878c721fc6244f6341f0bd940875
2872529,r_dns_a,Domain_89a69417932cef35c80081da25dc65e2648fa9f41cb614470e96b32a9901e2df,IP_c2b974267539139cd45152442d3f40b3d226878c721fc6244f6341f0bd940875
2872545,r_dns_a,Domain_4cc728be50ca62e56bbbfac9031e34eaa9d3496411017c781d96bc5d790cdf68,IP_c2b974267539139cd45152442d3f40b3d226878c721fc6244f6341f0bd940875
2872561,r_dns_a,Domain_dfc3a8e0aee4baf10af1ec1fabc61b5fffea30188a8a1647ef3cbbfa53ea08cd,IP_c2b974267539139cd45152442d3f40b3d226878c721fc6244f6341f0bd940875
2872582,r_dns_a,Domain_c6961d1085bb4be4a6695f1be789bad889f533c44fbd9813a8e8f6515c39437a,IP_c2b974267539139cd45152442d3f40b3d226878c721fc6244f6341f0bd940875
2872616,r_dns_a,Domain_3655fc6524e12cd8aa06b6cc5096666796e3cee00ba65204d0e527b9e2330030,IP_c2b974267539139cd45152442d3f40b3d226878c721fc6244f6341f0bd940875
2872633,r_dns_a,Domain_f776caf8f80624b3194acc0075e18a76e24b711d175d2ebdb2ae2f22c00e8f1d,IP_c2b974267539139cd45152442d3f40b3d226878c721fc6244f6341f0bd940875
2872658,r_dns_a,Domain_1e6cfe8b6eabdad72d1949bac588ae626076f77236f0af8264f2d067dfbbca49,IP_c2b974267539139cd45152442d3f40b3d226878c721fc6244f6341f0bd940875
2872719,r_dns_a,Domain_de257f932c4d4b1d857726281026f82002741360b050a2c9fa46cd65e7688b4c,IP_c2b974267539139cd45152442d3f40b3d226878c721fc6244f6341f0bd940875
2872735,r_dns_a,Domain_87f37872d60a66f532ba3c326d6a4d638089e7420d3deb391ab50038e876b14e,IP_c2b974267539139cd45152442d3f40b3d226878c721fc6244f6341f0bd940875
2872753,r_dns_a,Domain_db3a435d8ab80ec307a2767353bec0290aa35cb3a7248e6d38ff262a9b474062,IP_c2b974267539139cd45152442d3f40b3d226878c721fc6244f6341f0bd940875
2872770,r_dns_a,Domain_eeaab4507f4872f8d24c79af2da7a6e315f50b35a8b2d06ae50a6473a8990cb8,IP_c2b974267539139cd45152442d3f40b3d226878c721fc6244f6341f0bd940875
2872789,r_dns_a,Domain_dcfaca1754aaa8f3eace3a0ec101f9583d3b50f25da77fa9e6dc5231126d315f,IP_c2b974267539139cd45152442d3f40b3d226878c721fc6244f6341f0bd940875
2872804,r_dns_a,Domain_7e55993f1cc27c8fc8b261ef579e10068c4e94864ce4a723a69685aaad9545a1,IP_c2b974267539139cd45152442d3f40b3d226878c721fc6244f6341f0bd940875
2872823,r_dns_a,Domain_b6cbd5eb4a571c10c4582329c8e52b3855359677975b16e3a26740d50b86bdce,IP_c2b974267539139cd45152442d3f40b3d226878c721fc6244f6341f0bd940875
2872869,r_dns_a,Domain_01e85c041670ed2f1b02bbc98839c4909e0598ae824879d285904fb2e03ca93b,IP_c2b974267539139cd45152442d3f40b3d226878c721fc6244f6341f0bd940875
2872887,r_dns_a,Domain_f34925442831465c7cd5ab5994243ad7be3aea3510903f60d794bd3d9f8d671b,IP_c2b974267539139cd45152442d3f40b3d226878c721fc6244f6341f0bd940875
2872904,r_dns_a,Domain_d6e19e1240b48a5143ff88911dccd3340bef4e2e40dfd2cd8d927e1fb05334a8,IP_c2b974267539139cd45152442d3f40b3d226878c721fc6244f6341f0bd940875
2872921,r_dns_a,Domain_cf9830ccbdeee14bcd77244b7a43988c14ef91fc629f5285fa0b3fe2851b6e0c,IP_c2b974267539139cd45152442d3f40b3d226878c721fc6244f6341f0bd940875
2872940,r_dns_a,Domain_5a9c9b1276817624054610b24ff40f268b27dfdef25c1a75c8c058f563c92009,IP_c2b974267539139cd45152442d3f40b3d226878c721fc6244f6341f0bd940875
2872959,r_dns_a,Domain_ee516d51f9bf8d2760d766df468617ccb2c8950b216fa97195701e324052e65c,IP_c2b974267539139cd45152442d3f40b3d226878c721fc6244f6341f0bd940875
2873034,r_dns_a,Domain_615be8c9cedfa902a70037235bace13927f718d618a7b2fddc82f2720792ba40,IP_c2b974267539139cd45152442d3f40b3d226878c721fc6244f6341f0bd940875
2873054,r_dns_a,Domain_9ea20c1b2765a4b755fe629d649dae7789738a7aaa86c2b01c461a3db3b64f66,IP_c2b974267539139cd45152442d3f40b3d226878c721fc6244f6341f0bd940875
2873073,r_dns_a,Domain_6afb1c3fdcdaad1f5a2c6a87085c467048a95aa9ebfc1c38493a847be4e118ea,IP_c2b974267539139cd45152442d3f40b3d226878c721fc6244f6341f0bd940875
2873088,r_dns_a,Domain_a49d89aecc4b2327170a304fa636c8259f78ff44378671085125ad3c4dc4b871,IP_c2b974267539139cd45152442d3f40b3d226878c721fc6244f6341f0bd940875
2873145,r_dns_a,Domain_8c2296e5281e98bb20da6da025ed05b630c2705ed7d0ce7eff2f8d9d7c268e22,IP_c2b974267539139cd45152442d3f40b3d226878c721fc6244f6341f0bd940875
2873403,r_dns_a,Domain_17a267c99c27008f84171418739641d79ce55ea98148a9f4a6ca323d81c98991,IP_c2b974267539139cd45152442d3f40b3d226878c721fc6244f6341f0bd940875
