id,name,type,industry
Cert_a91593a45b6eceaae2a0478cc243543184d325720bc3f19f91982450b6af57e2,a91593a45b,Cert,[]
Domain_0309f1abfd871888adb8551c23225dd5aa1c8016e1154c6901825c0c3332d71d,0309f1abfd.com,Domain,[]
Cert_c01f10c61adcaa00ba6d4b85d30ec802bae76597915d7da4f8f094714ab0c597,c01f10c61a,Cert,[]
ASN_99fdfffd6903a124519df33f4b37e1b45bc7234f26c783f7254f09235b9ca30f,AS_99fdfffd69,ASN,[]
IP_f488a7190d6b5c9f827e7b6a28176cb9f618633dc3663586824f0b8df21b540c,18.208.xxx.xxx,IP,[]
IP_e6c0236b5851197b2dbaa05f66e4600cb47d41f771bc4cc1fce7fa757166e6a2,54.85.xxx.xxx,IP,[]
IP_583899f35a389b76a9a8a490747f92207c6ce5e7f3e6323be1e9f557927ec230,54.204.xxx.xxx,IP,[]
IP_CIDR_e5751e296e656c7defb73107890dfa5b8c2ca975daae704f3303e39b845790de,18.208.xxx.0/24,IP_C,[]
Domain_05047bc0426375628a19614fc10785da4a184d58ab61eaeb3cb9d04d22c2ac7c,05047bc042.com,Domain,['B']
Domain_ac362e098d0fba6f01afb3cbe25a0a992460bd70f9e369f0ed1472e2b1f57a87,ac362e098d.com,Domain,['A']
Domain_eea05330dddf37670b725344d7e5c30c0bc37f67c41db719c2c8d8ff933ce696,eea05330dd.com,Domain,['A']
Domain_a74a4797f12f9192a7241acbb67b0de8d70d89cd4bf0d07d07e02b6fce70ccf3,a74a4797f1.com,Domain,['B']
Domain_6a6f2dd3cb844c5c4fc7f86b9675fc7baec67565a62957bda0384796b76cf309,6a6f2dd3cb.com,Domain,['B']
Domain_d1654773324a48c2b5eba3909a9080653ba51e1ef9aff3f4611efddf4e59390b,d165477332.com,Domain,['B']
Domain_80014682c83e786305f11f78195def8997c9e68e4c0e54a37ae59af52a14742b,80014682c8.com,Domain,['A']
Domain_2170c10642d9bfb52a77174315379590b7ab0607508b5dce7fe3a9258b42aa0a,2170c10642.com,Domain,"['I', 'B']"
Domain_e871b9924290753aa7ec895c4a65de5a5587485671cdecafe730d5eedae44685,e871b99242.com,Domain,['B']
Domain_4c0df15563adcd365ca027bc1f73f24865c6aabe1d17eee74bef5003322152de,4c0df15563.com,Domain,"['I', 'B']"
Domain_8f5d1a37a5757c00a89a8d88716d9a6ccf15ddae5616b725bf147139640596c4,8f5d1a37a5.com,Domain,[]
IP_CIDR_66c635261ae61d64e0f52ca870938c0ea901ada7d4a0b1c4b61b0bb38e914013,54.85.xxx.0/24,IP_C,[]
Domain_5968a335437eb5f206807477fe6004056a22314c66e29b3b52e62f54eada7c6b,5968a33543.com,Domain,"['I', 'B']"
Domain_0457f5f5d48f3be020f08efc2a78076207e9e41a3f47e38a3f4165be81c80b3b,0457f5f5d4.com,Domain,"['I', 'B']"
Domain_8e439903c9bdae31868004481f1b4c193df6e06c68c3d155b4a0a22f643fd93a,8e439903c9.com,Domain,"['I', 'B']"
Domain_9a3490675de9a90204bea6eec27d6a940c55d37e5d6008e9702e31fa75574335,9a3490675d.com,Domain,['B']
Domain_4ac7a5f5344ad7eee7c5a35851e9866581f4cc8114a883458f660b8539ab2c8f,4ac7a5f534.com,Domain,['B']
Domain_d821a381da5f2f8d93d1349cc279373c916775760413582c54b071d337c34d01,d821a381da.com,Domain,['B']
Domain_3c01d067e4218591bfbf03cc8e1e1f640cefaa86b516704f81cfb85b69f7618e,3c01d067e4.com,Domain,['B']
Domain_4b5c3e09f308a6596a1cb19ab99f36baa13a074d6891798f41889bf101e81883,4b5c3e09f3.com,Domain,['B']
Domain_54f1127d195b4bde2ed73dd70068d72c31d64bc54dc933df485b75ec2ed58436,54f1127d19.com,Domain,['B']
Cert_9a1481b11df2156b0088bbef0e7bb1b1360a8420f268229da72a59303df0e513,9a1481b11d,Cert,[]
Domain_8718eab517eb39a87f35fa38519d8e639d774157815677e4c3aa035d4cdf8aab,8718eab517.com,Domain,['A']
Cert_27688349a66b2fa67a6871e19c131501976c5945b9fb749797663655afcfcb17,27688349a6,Cert,[]
Domain_448a4f2e3e379d7334d5f1b2d82031e3612e0437152fe8eb11f376d579e3851e,448a4f2e3e.com,Domain,['B']
Cert_a90aa42b94318d3a0ceb7e64064ffa22c034528635cbbfed45a50ebc2d9f2b1e,a90aa42b94,Cert,[]
Domain_c351234211c49132ff579e818f26fcba387fd77ced4b0e27273da82d622d5e4b,c351234211.com,Domain,['A']
Domain_8601d28ae5a572160d9cc10a3fa080dafbda586b3eee9ac3745f8c4c86737eb2,8601d28ae5.com,Domain,['A']
Domain_943929ddb56df6729a468da91fc3f12a8a50910b4e9e3b9bb52761392354e197,943929ddb5.com,Domain,['A']
Domain_0e02e8babf54361b16f2eb262ece0ba47784682bdeff236964b23b3252a18ed6,0e02e8babf.com,Domain,['A']
Domain_07ad0e4d42b9fa2b7a8a1d0c28330954c8f7cc75e2a93059dc10963b17bd10db,07ad0e4d42.com,Domain,['A']
Domain_dc9c45141fb44da3ee4da4986e0340ad8bd1f5762546297841f3501cd6c10aa6,dc9c45141f.com,Domain,[]
Domain_9bc6d1b38055b009822a0f6560d2f00c0653182fdf29ded2c20ed0010fd74b6c,9bc6d1b380.com,Domain,['A']
Domain_72d3d9e52f0bb38f6d4e9f332d8bf7066982bd064e45e21ca4b8ff6010936ce9,72d3d9e52f.com,Domain,"['A', 'B']"
Domain_e1d9beef7cd187678bebf2a4cd2bdb1537104f3c4a88f3e27f6079381147c4e0,e1d9beef7c.com,Domain,['A']
Domain_fa85c1405f8dbd29b7f9cf8fde3423ca6bf95937229776dbec0a4530385541a8,fa85c1405f.com,Domain,['A']
Domain_44a406a836684945b2cc549f4ec301c1ba85c8ac08cb43fdfd6a068002d83557,44a406a836.com,Domain,[]
Domain_53532357ec14741c06c11a23ae26f85612c6ef335755a1826e260e47bf352594,53532357ec.com,Domain,['A']
Domain_23806cd14c545e1ed512cfd7e48f811e843466a25acc664a59d85de1d29b3028,23806cd14c.com,Domain,['A']
Domain_dc0331715404ff62df12253f412a28f37a74cd3d105a2a8681293d712ed15cd2,dc03317154.com,Domain,['A']
Domain_6a00381551a8c89cdab73062db6a254ac57e7f1e89d83547d4ce7693b9655609,6a00381551.com,Domain,['A']
Domain_24e9f02afdde04d35933d1b8389b9312d42f79d53c2324bff09f09d51a154eba,24e9f02afd.com,Domain,[]
Domain_baf7807c5496a709df680a7b2f19b741a72628338e95fef2d0a1453cb2239f22,baf7807c54.com,Domain,['A']
Domain_ced982749dece4fcd920acfd81bf2f990481ddfb8b85de38643ac47b094a68af,ced982749d.com,Domain,['A']
Domain_e56fa2f7a2b74e3f5551b3ea819b10e8e23240ba4d4eeaa79ce08f6cba53b92c,e56fa2f7a2.com,Domain,['A']
Domain_ef7079a9ea0578ccb097ab3ac476d251701a4d1a395f3a636767f8c4206951e5,ef7079a9ea.com,Domain,[]
Domain_fe02060453315dd1b4b732c3919d14d855ad13406f6c00c86121ca9a2ae4f430,fe02060453.com,Domain,['A']
Domain_ffc5a3dfca9a2a75c59256bd7cde85b000bed270d3357653d9b5c0a1d49cd15f,ffc5a3dfca.com,Domain,"['I', 'B']"
Domain_588e658eae45fade5b075bc3076d0b0a77d82ff8b7193d9d8b21305b56782a45,588e658eae.com,Domain,"['I', 'B']"
Domain_0102035c43404861b25d6568c69a49e26f51689b4b5f0059352c5f1b60e20e07,0102035c43.com,Domain,"['I', 'B']"
Domain_bd36c654842c813c8d8ba4625d103a421dcc74d6ae937ad505ed93be9c3b3ab4,bd36c65484.com,Domain,"['I', 'B']"
Domain_56e669d2624f09dcd8f0de75ce6989d5ed6099e91e800ba152f5bc698dfd4d1d,56e669d262.com,Domain,['B']
Domain_334c21117344716c7eaef40a1da7ee10a23a479b95b5c62ab2f21f7570c4ac54,334c211173.com,Domain,"['I', 'B']"
Domain_2dd2d0499dbbf70de0ccbe00791b5a926a3ed33732155568782f73290d054f8e,2dd2d0499d.com,Domain,"['I', 'B']"
Domain_fdd02b3f6321f453263fbddc4ae80085f5d720fb6e5de4cadf6b767aeb71dc68,fdd02b3f63.com,Domain,['B']
Domain_8ed05a14f1e3c1a8de3ba7eca789d9aaf187783560d73c241a858e276241e32b,8ed05a14f1.com,Domain,"['I', 'B']"
Domain_2a49bf39d9e270fdbcdc0bedbf94b1aebd8ddd56565680c16425f4e676f574f5,2a49bf39d9.com,Domain,[]
Domain_5fa5eb3f69928206df487b225a1fbfc760de8a25cff7783b1cc403908fec3420,5fa5eb3f69.com,Domain,"['I', 'B']"
Domain_9ce2e53d271f7202949513a194f7a71fd01303c0e177d0c264d64066bb603687,9ce2e53d27.com,Domain,[]
Domain_b853b0e8d54ef33e2087b2015b6b445d8b5ee12ee6b20fe7ad67b65071e34818,b853b0e8d5.com,Domain,"['I', 'B']"
Domain_3f9aa8ea1e3d174cfe08b9e294d7b31cbbbc88c0e5f5408a1a66da2bdb589928,3f9aa8ea1e.com,Domain,[]
Domain_f66e118cfada3f9c2d82dc369215a82f60e365169e53946f5576f495b422e075,f66e118cfa.com,Domain,"['I', 'B']"
Domain_b3ad0ee2e79f32f3d56fa694d3f1f8d124dc572127257b953377ef92da0f3794,b3ad0ee2e7.com,Domain,['B']
Domain_6917e8259b09227bbf1def68ad0da61edde59dd1cd5ed2ffdfe6821d468223de,6917e8259b.com,Domain,"['I', 'B']"
Domain_2719ba9b8955a3a800b141d1ef40cdc83120643948401f37eb0e4ecf95933e37,2719ba9b89.com,Domain,['B']
Domain_b09dd9c577e58660e2de1cfa7f9f8d78472415c691555ac71a4552193bca7985,b09dd9c577.com,Domain,"['I', 'B']"
Domain_4dac49f30aa23d6e6609b55b7a696b7f1d923f5ee7a1e84f70030a91689e7eb1,4dac49f30a.com,Domain,['B']
Domain_377fa75a52bf910c91907da4f54b46534f0a50c7a93328737b2d9676ea1207a7,377fa75a52.com,Domain,[]
Domain_1a495d73dbe48add04e615e71383706ac48d3bcfda68bd67c2bddd10d19bcf19,1a495d73db.com,Domain,[]
Domain_d021f70567bfc353d8144dee4d725dcc3e1e8ca05039a91dcf6ab969ba18c044,d021f70567.com,Domain,"['I', 'B']"
Domain_c9130a0001efde6e2d537fec33cdeea8a1af299231543beceb294a63f157dd55,c9130a0001.com,Domain,['B']
Domain_1335529651694f6d869bc24b4c5bb877b071e2b1082ececc62540add50858122,1335529651.com,Domain,"['I', 'B']"
Domain_88063e027d4f0db83c30895ac76c8d04fc76415ecf8cd16a60da5c29943177db,88063e027d.com,Domain,['B']
Domain_4330460d1ea51508fa3417930779a0f1e9b1673b91ffc96565369a6987e28d30,4330460d1e.com,Domain,"['I', 'B']"
Domain_6dece1c623dceab26ffb6a7892579192ee699a418784613d954e5c46bff54f73,6dece1c623.com,Domain,['B']
Domain_7cd1519e34ef32bc1e3060a9bceec0c3a445322e379b1bd51f9907fef5c1bd0c,7cd1519e34.com,Domain,"['I', 'B']"
Domain_a3ea0a770903536f43ee2668f43d83beb1b730d9c58e7be1020269234d235542,a3ea0a7709.com,Domain,['B']
Domain_a5d24d4ed5544b96a780c14f7b6e6203ab638cad391ea987a2785333433a5b1f,a5d24d4ed5.com,Domain,"['I', 'B']"
Domain_2b2a229d799861e7daa5b21c490e8a4e6e82c56acfc9577510233fd1d8ceaac9,2b2a229d79.com,Domain,['B']
Domain_b419dea9818d615c8cd86a2b26c5ebf023e58c18e6ad5a155acaa893ad9db07c,b419dea981.com,Domain,"['I', 'B']"
Domain_6ef8686aa3b7faf67a9b035daf99c58ee69ec78855b4c89d8af0ffe610ebf4ba,6ef8686aa3.com,Domain,['B']
Domain_74ea5dd63179cad28fc05e86d0b870a610daa9e1ab1b6084f90fafe25c7a5334,74ea5dd631.com,Domain,['B']
Domain_ccf8b8754cef0b0ff5def00c5afbbd93a2f09d4013b2cbf638ef6a15f7adcdb5,ccf8b8754c.com,Domain,['B']
Domain_cbc7e0f4c8c0d7496bd8ac214dc5daf7bd045d69955d685351f25f7a9783399b,cbc7e0f4c8.com,Domain,[]
Domain_885b17e2a1c6453d21f2052d670acaa1abdbd3694458cb0e02dd06b74fb73d00,885b17e2a1.com,Domain,[]
Domain_b4c3540c225fdbd1f014c6bccbdf7a0d2f3cea9e84723ba7fc7cf5385397d595,b4c3540c22.com,Domain,['B']
Domain_d1ee3c8a0b31ca0d2e30f252fb21aeccc2889ad2829bb967b84be6f8e1d0c0d2,d1ee3c8a0b.com,Domain,['B']
Domain_c706e121e6678f8767eaf3d9cc81de1c4e1c5778748497042b2849d1dea8658a,c706e121e6.com,Domain,['B']
Domain_3f3d2a8c4c5710c783b56d0875dcfa7af741e78a612266ee8d4d0849646c4035,3f3d2a8c4c.com,Domain,"['I', 'B']"
Domain_219f823338ca77c5cfdab16d8f7bf8879de0b42252e2ba1cfd8203ade47acbb3,219f823338.com,Domain,"['I', 'B']"
Domain_ef6a1efe6af6612007d372a846e0811a0ab3a52d71c94cd3adaafe8a98bdab77,ef6a1efe6a.com,Domain,[]
Domain_381019b87d1f9105f76b2ac0366307e492784bff04beed9534ed5f0e9bf00a25,381019b87d.com,Domain,"['I', 'B']"
Domain_8ce1e4e207903f6995bfd9d57180b29952537e4082b0b1898339ce5c0cfa8271,8ce1e4e207.com,Domain,"['I', 'B']"
Domain_a50ae11e8923ca5539cb0b6ba4d8620668fa15ea8743f57cb99e52a32a5e333b,a50ae11e89.com,Domain,"['I', 'B']"
Domain_d31734ace1d8c8c3eaea891779735024fa385107ad2a8ac0f656a35d6fed5eb8,d31734ace1.com,Domain,"['I', 'B']"
Domain_816f03b49337ff7efb4a094e0bd517cb711e732c53c6040371f2faae2c9b05ea,816f03b493.com,Domain,"['I', 'B']"
Domain_39ca6f9abcd6976ffea77c986e4332c5ae32044104ebdd6c02e550b6e6b7dc20,39ca6f9abc.com,Domain,"['I', 'B']"
Domain_1a09abf942f6c3759ceefb6842bbe398452d9117320edc4d497e9b03b28e80c4,1a09abf942.com,Domain,"['I', 'B']"
Domain_189d12dd627de0d3dd3801fcf535f5d0e3613ece7c86730843b183967c829001,189d12dd62.com,Domain,"['I', 'B']"
Domain_fee0e5fbd0500bbc85938eabf6262a74e9c1a54df6a5d2d8813ace81febd532d,fee0e5fbd0.com,Domain,"['I', 'B']"
Domain_b2a61f72e090d9b8e2e20d63a0f8116898a7c8514fabe841033675cd34a8ef21,b2a61f72e0.com,Domain,"['I', 'B']"
Domain_8b16f9f2bb760e8b873b97c9107982dc00a9dbbe40a27e41d65cc2272e7218c6,8b16f9f2bb.com,Domain,"['I', 'B']"
Domain_be343232e9ce11bf5d669d7374af618a068049284be70f014355ef7177996676,be343232e9.com,Domain,"['I', 'B']"
Domain_0798dbead7bb20b0ed301cdd287b5b7e1ddebd3f69b6ea82dcac7c57b1c0ea0b,0798dbead7.com,Domain,"['I', 'B']"
Domain_b44fa4430436ec3912a4eb626f7cfbde5a99238ff1d8830c064980c3183d1b34,b44fa44304.com,Domain,"['I', 'B']"
Domain_6bee92c1798eebd069a5e723109119f8500765cc15fc312acfdf6af20c9bab67,6bee92c179.com,Domain,"['I', 'B']"
Domain_3c3f4e533d5c2b82fb03af7a26bc8087b330fa80e5456324dd6527692f175c4d,3c3f4e533d.com,Domain,"['I', 'B']"
Domain_9ac9e8f72d4e837b7cf2d23c479f824e88520a3384de439717e12f9beedbbbe5,9ac9e8f72d.com,Domain,"['I', 'B']"
Cert_54d30574fde3c2d18476540ea38bb3e442307c6b58651f5e80a4257f713e9494,54d30574fd,Cert,[]
Cert_e1c674e8c62ceb714c42a973f5296fd20d81aad7ae22a1c627f35074031a78be,e1c674e8c6,Cert,[]
Domain_15e290da656fdd41418f620119fbf258651f657e2b5493146ea6b3646666e898,15e290da65.com,Domain,"['C', 'B']"
Domain_3673cac81ce5bbdf0e0e325d0dc29f9351be9bad5202fabe27a0776a70ec83f9,3673cac81c.com,Domain,"['I', 'B']"
Domain_25f34b8107624f668d65eb53c21673b5075346d5a4364cc20e767c82baf28ee8,25f34b8107.com,Domain,[]
Domain_6be614a0a3f3a23302d0af821aa6c59c66520aaeffbeaab1444effe279ebcb81,6be614a0a3.com,Domain,"['A', 'B']"
Domain_449b815b65874539f7a592cfeb74d6ae7cf2f0429a2195eb5d0e6a133a6add85,449b815b65.com,Domain,"['A', 'B']"
Domain_e8db55054f50630099477a1ea3227ca6ea26720db495ed72cb898014d7623b5f,e8db55054f.com,Domain,['B']
Domain_c8b4cb3dc10e5023141fd79c8036d5ca33a5e830adadb46f88469f5b6f584c48,c8b4cb3dc1.com,Domain,[]
Domain_c55a692bb9996e0bc6afe6a60d9e63caf95968f0354af4787ac215c16f765b5a,c55a692bb9.com,Domain,"['A', 'B']"
Domain_9efb568f03fbc108c26efe6169f561ac297064287b2fec6c8844fc27de016b07,9efb568f03.com,Domain,"['A', 'B']"
Domain_e6b9c20971ac327122afe3ec89b210ba391e01dd6cef8f36ddd25c8da9340858,e6b9c20971.com,Domain,[]
Domain_16f088d0ce29c7e9114fa1650b9f25bbe3dfcfbdf44627f51a403583a943bb68,16f088d0ce.com,Domain,"['A', 'B']"
Domain_efde27a7e783c0143a47d4bb6dda1e411d3ec57e04593889b62e3056005ab779,efde27a7e7.com,Domain,"['A', 'B']"
Domain_2a54668194f2970976cc187b099658f89a253beaf2acb0e0d1f87e46ef5d6930,2a54668194.com,Domain,"['A', 'B']"
Domain_bbc0cd653bb43d8d9aed7c4d4bea95025a19c573bc30b853f0fe531b4e5fc7f4,bbc0cd653b.com,Domain,"['A', 'B']"
Domain_9c2b1c3f33f2fef021abd5b8a1fd8ea554ea44d849200025e960f963c3a9b057,9c2b1c3f33.com,Domain,[]
Domain_dec18207d24cfdd5353c46f37974408eb6b921fb2432a741c8bc6ee116a2a4e1,dec18207d2.com,Domain,"['A', 'B']"
Domain_463e534385eb6dbbfbb661aed8cdd4eb73ec5bc9998e1b274252bf9a1a766ca5,463e534385.com,Domain,"['A', 'B']"
Domain_4ab9f8fec9826c5c7ddf741c65d0263883add60798ff436fa6f7a5fdfcee53e4,4ab9f8fec9.com,Domain,['B']
Domain_931e96c2b2dd2776e74f96566d648d5c2c230937564ddfd0cc1b769e8e3e9943,931e96c2b2.com,Domain,"['A', 'B']"
Domain_b31512d11dee505ccba178050004bfa8c43e5b57d8e86d71e85e67a4bacad3e0,b31512d11d.com,Domain,"['A', 'B']"
Domain_51149f39955933e1bb1f92704609d98fa40fb28d50560529ae43bdb7b647d761,51149f3995.com,Domain,[]
Domain_b90c7e6f9fe6c69dfee7aa60ab35476598d857e580a0c9963a63fd0148905d74,b90c7e6f9f.com,Domain,"['A', 'B']"
Domain_f1b9f5859ad04b2dc539b5033dedc20444bc67b16262f21120033fafd8d636fc,f1b9f5859a.com,Domain,[]
Domain_f113be5defc22538f73598dc61cacaa8383f6766e2272a53336331f1d0c26eb2,f113be5def.com,Domain,[]
Domain_0d0b7e684301923c4fbd81465c521f5fd411f26a4d163c5b71fa32a5d5ea850f,0d0b7e6843.com,Domain,[]
Domain_62c6484bd9613bbc54f75ba8359eb23a6e79d6a149f482f724a3d18ba06ea39e,62c6484bd9.com,Domain,"['A', 'B']"
Domain_a0373574df8935bc13a1b82b8c81a03e8b76ea6bdb8944345b85633e7afa8fbe,a0373574df.com,Domain,"['A', 'B']"
Domain_ff1f7e47bb97d00d4cdc3fec4542de33ce89ec692171c521d0fa2e1abd9dc34f,ff1f7e47bb.com,Domain,"['A', 'B']"
Domain_1bd641d259344fbb5be01b1030d122f495a4a2395b5d877e2572c9c4e264589d,1bd641d259.com,Domain,"['A', 'B']"
Domain_0ca3f16aab4a0710d2cd1c9f1472cc5f63a86afd814fb130dd70f11296ec47d5,0ca3f16aab.com,Domain,[]
Domain_ad7919a4ca3d5b42c20dbd289e859910fa01d7762f72c6b8ce44c8b19ae3cd2d,ad7919a4ca.com,Domain,[]
Domain_dba817fb752c9d03da940fff382782a98572c9833a6b615b647eeda1a4984653,dba817fb75.com,Domain,"['A', 'B']"
Domain_21ce2a8ae433ac6755e92ecb5a6e210bfb9c74346b8abd4e578cc730bf302398,21ce2a8ae4.com,Domain,"['C', 'G']"
Domain_18b818ce830886f9444a9a9e7ce0124ea65def652a65b96eb4bef5d274388ca5,18b818ce83.com,Domain,"['A', 'B']"
Domain_40d3d0834b9203111de8c5263d489bdc5a1234a3aa9cd2a4715234dd9d82f966,40d3d0834b.com,Domain,"['A', 'B']"
Domain_41960f26f89038b363b360469b4b84385d0f42303d9b9ef321dd9545946122fa,41960f26f8.com,Domain,"['A', 'B']"
Domain_b5d52fb3e7373667701d08d9d4b4dbb8667c1387ff6e3f1eb2562583f2479ef0,b5d52fb3e7.com,Domain,['B']
Domain_b5d6859a93ca38de0432e6f4f918aaeed70867ee44433a1b61ea2ca05a2ab82b,b5d6859a93.com,Domain,['A']
Domain_0c9227569c8fe56e0bd2aea04a8755b5282d50ce2dcefcfd9b38deb6aaca2789,0c9227569c.com,Domain,"['A', 'B']"
Domain_507bbabf881a4a2b98010c9a28ceadfef3f4deef96519a7d46cd5392c402f57e,507bbabf88.com,Domain,['B']
Domain_f60af4b0b4ec38a7f36287c04239093e0fbcf6a61ac36c553940e27791d956f6,f60af4b0b4.com,Domain,"['A', 'B']"
Domain_2df6ba2db6c5835acfff28d6b10cc5c09798353cc5a28897be36f1839f476b21,2df6ba2db6.com,Domain,"['A', 'B']"
Domain_4e91f29af53e1884bd09263527d4eec5668726f04a0580087015e22296228ea3,4e91f29af5.com,Domain,"['A', 'B']"
Domain_58368b0a6979911c8a5d3460a07171f206711f9bd91d0edc5703c26a3c31de00,58368b0a69.com,Domain,"['A', 'B']"
Domain_a72a81f04d54136f542cefc3f459fd0e9a8cdf41d44ca8a8b21846c189482943,a72a81f04d.com,Domain,"['A', 'B']"
Domain_e4efbc9db11f4b8852e9d514749ff929338c4ad76f6fec259e6864bf754ac174,e4efbc9db1.com,Domain,"['A', 'B']"
Domain_99474ea7987b65a1c45a86024af3afe3de74cba52d5d0724bb6fa9772023e90a,99474ea798.com,Domain,"['A', 'B']"
Domain_f8bfb68fb17fe10e9a94f6c4a5182a903aa424cb28b3f9205d38306d8c0b9d58,f8bfb68fb1.com,Domain,"['A', 'B']"
Domain_e92ffcd05ac8a1a566f3a3f87f8fd3207149fb66334c98d20c32b3bc8641a33a,e92ffcd05a.com,Domain,"['A', 'B']"
Domain_172aad882eb3d0384f9d5753473d0b0291c7a085fdb4afee6b50b2d039b929af,172aad882e.com,Domain,"['A', 'B']"
Domain_9605c136ebd2ed3325c780bb8bbcaea15c68698ea4a42d3739c418e0db85068a,9605c136eb.com,Domain,[]
Domain_ef2a85b0888d8b2b7e47d4a6a79fb4ede4f26e67529722b9244299d4211a93d6,ef2a85b088.com,Domain,"['A', 'B']"
Domain_c4702924c3ca3a0078bb9607cf44b545bf1425d268da10e0aa74d9efd88e3e8f,c4702924c3.com,Domain,[]
Domain_8dcca2b013012e052311bba4174097397cfa10ad23d7f67aa6023faaa482ecef,8dcca2b013.com,Domain,[]
Domain_46082128496b4640b7e940355b2ff515d98903f2d498a7a03b2cf24a940e5edf,4608212849.com,Domain,"['A', 'B']"
Domain_4e968e2fab785258a1df77ef1fabad63c8b393676414db792ac31edb3073c472,4e968e2fab.com,Domain,"['A', 'B']"
Domain_da7cf9569dff5982fcd2c961b908f562cc5d355c6205b3793c473d11d6fd8d51,da7cf9569d.com,Domain,['B']
Domain_031c4122df46217858a99db6f1ededa04dd24f524d27516b0f1a6f66148a07b2,031c4122df.com,Domain,['B']
Domain_5a6602fc9d721e6bcbf56110d47ca50a44c2e2488db5093a3fff720e063ecbbd,5a6602fc9d.com,Domain,['B']
Domain_1df034517c815aa21592ff255419a5c8f4e5c07a30b784bd09e1e923fe173e52,1df034517c.com,Domain,"['A', 'B']"
Domain_c8624ff5548b42d4ca7c05b1658888a57ee83c99413bfe9d432cf6649486d181,c8624ff554.com,Domain,[]
Domain_7e5ede69ad7069a46bf73ee8ddcd45c8c02406842d099137d13dc271a9079532,7e5ede69ad.com,Domain,[]
Domain_6c210a8b0bcc8660bcc5efd32c2ad71ed396fe745ca55af1ce08854dacb24671,6c210a8b0b.com,Domain,['B']
Domain_cefc49458362f905bb6b949624a1e9a0885ea41e83cad8d66e7913cbaa9e423b,cefc494583.com,Domain,"['A', 'B']"
Domain_a02cae57e2dcbb90eafcfcbb4aa2b037143704a9e76ee25a54f06d1e8e48b59e,a02cae57e2.com,Domain,[]
Domain_f27ee702d55affce5c5a30bb82e35b7913f4cee44ba11ce09563c8fa0a500784,f27ee702d5.com,Domain,['B']
Domain_ca9080026b83b3aba4d8e8d40625d99adf4c04c6f207a7e39643a9b3b03f0c02,ca9080026b.com,Domain,"['A', 'B']"
Domain_c30d0ff33e7696da12e0e866e4f7cdca62831ec72d8036da77856b2c8b8dbd26,c30d0ff33e.com,Domain,['B']
Domain_b0035d0509dd30d8fdf4a43456d1118eaae0bdad58d36c432fdbd782214ae4c7,b0035d0509.com,Domain,[]
Domain_658b088b521838e0e4e697dbf10376234ce50b2d948eff193dd64903aec8d87b,658b088b52.com,Domain,[]
Domain_41285244f0e8cf58cb50db6c33ca594d1246035b842b1088fca039fdab7a4f5e,41285244f0.com,Domain,"['A', 'B']"
Domain_2fe244e104514c51a68a31942c40c863426a62ae9791dd870df63d900ba29e09,2fe244e104.com,Domain,"['A', 'B']"
Domain_f45a401975b701329abb678e77d2ae3a4e21ba1d427e5cad9f7a0ac2041be4d1,f45a401975.com,Domain,"['A', 'B']"
Domain_14ea2723048adf76f17e7aa2606dd6eb528fee8e146bc9e50705c7546c833359,14ea272304.com,Domain,"['A', 'B']"
Domain_5a0e116e57f6b1e168ea1013dc0b27aa99b78d17b204bf3b0fcef3e63e4becc9,5a0e116e57.com,Domain,"['A', 'B']"
Domain_d7c0b5151842c77fdbe7cdb79a94339ad69f3c47cff21075194baf4048f0c04d,d7c0b51518.com,Domain,[]
Domain_a1600d1628903bfd7e3874c9275701373380206e37584aa69acf67f92c4153a8,a1600d1628.com,Domain,[]
Domain_aa4f75abcab50e9f6f62c4a53b4c066367046a360fe226d50bb9e59ed5179b62,aa4f75abca.com,Domain,"['C', 'G']"
Domain_203cee72b37915f1aa311fa00dbcc5bf53b2734aeb3459318ae2834bfa2aa056,203cee72b3.com,Domain,"['A', 'B']"
Domain_ed6a2a8a24605a3aa615dbfe597bdd320425cd536b8758b2336fe6139ae6d10f,ed6a2a8a24.com,Domain,"['A', 'B']"
Domain_cb11fdf1767be3c99c6e08a3e5ad62ee6242866dc71daa9a05bc58925bbcdb3e,cb11fdf176.com,Domain,['B']
Domain_3765e08204be0bd8a75bda5657f943ff08f59078ef439052f4b3d53fe0e0ccd4,3765e08204.com,Domain,[]
Domain_c71c38afbfa50f4e9506defc942b53266aa981e8b095a58a16f22b7577b6b679,c71c38afbf.com,Domain,[]
Domain_105bea404c75a1c31badcb88f109ba2c6d17a88ceaf9b56cd30071101869d465,105bea404c.com,Domain,[]
Domain_3dcd622e30d8f4ca0c957364465e443a71b53415d0a5eb48b6fccc6b5a2769d0,3dcd622e30.com,Domain,['B']
Domain_4dd58eb40930b5798d82e5813d60bb12c0cadabfef2a5c4e651ec3fb2cb2d05d,4dd58eb409.com,Domain,['B']
Domain_7ad334ccf3ea3384d8cf81ac85b8713e7e5fa45d106c80d61dff6dea30abf85e,7ad334ccf3.com,Domain,"['A', 'B']"
Domain_effa9b09603f5fcb53052f643a188b09fdd2d24a2438201f494d352fb325ea84,effa9b0960.com,Domain,[]
Domain_59cff708db78c380b29f9e50d781016c65d2d9c2dd9f9f36d7b22ff5b21e2249,59cff708db.com,Domain,"['A', 'B']"
Domain_169fd28a8d35e302bc0008aa1e0059b9235c57155e655356f7740de15a90d68e,169fd28a8d.com,Domain,"['A', 'B']"
Domain_49104d16df287c5d3c334d56d1ffafd14d9447ab13a623af1dfeec4fc12864df,49104d16df.com,Domain,[]
Domain_c16558a15e4a497cbda90e5e24379e945cbeb3412bf544a8c85a52a0e31f7d67,c16558a15e.com,Domain,"['A', 'B']"
Domain_860f65470883d2aab9f63a9f69cdfbd97c3cfcaf277daeeb1400667fb1aa5c7e,860f654708.com,Domain,"['A', 'B']"
Domain_bcdede57e9968adb53624941a3f9a90672f6093e0bc1050cc3522182e73aa0d9,bcdede57e9.com,Domain,"['A', 'B']"
Domain_c1026930ba95acb768b5b494480aea97a8162ae5c1e7866fb37273ffb950b541,c1026930ba.com,Domain,"['A', 'B']"
Domain_fb327f0ec86190a5be84c8ce825cb8d58516b9d19d2b3360edc8667cd2380fed,fb327f0ec8.com,Domain,"['A', 'B']"
Domain_bc1138274cc5c495786ed815934d8977e923807ef64d1e32799064d14770bcf6,bc1138274c.com,Domain,"['A', 'B']"
Domain_a9564d41d4931366efc3d546673e5cf96306e9cefab8b9280a353ed43cffc3d1,a9564d41d4.com,Domain,[]
Domain_3a63e5dba5a55554d072ad1b94005292d4a2ad90b7e8853dd823602c2bd84fb6,3a63e5dba5.com,Domain,['B']
Domain_0bf88f3218184bb967ec3b66c3e971d563716f1fa6c7ae9d9d7972b1046115ec,0bf88f3218.com,Domain,['A']
Domain_ade2fb90f86e59cc29059504402ba7f1d0385be9f7be4a80c72f8c06f9aef803,ade2fb90f8.com,Domain,['A']
Domain_60b5aca361012e1968e0dba76a97ae35725b8d9b86574a8b63babb4f35cf600f,60b5aca361.com,Domain,['A']
Domain_14010f1252620d888026ed11a3dcb914d7a7991306b1f89a765f4dd16407e083,14010f1252.com,Domain,['A']
Domain_3c1fded4ce93f99265ba9b8711915ae7106b92a79dc9e828ee1ef569252fd4ac,3c1fded4ce.com,Domain,['A']
Domain_eb91f4227f794f988ecd797d617a5994fb51c5583cb427e1c4ee212aa29edd99,eb91f4227f.com,Domain,['A']
Domain_73ce4c18f26f5ba16cdb52ed553d2c708909f78b091beefbddd3ead81439e3b8,73ce4c18f2.com,Domain,['A']
Domain_6c8ad8dcfc018874c41f4424ba34086a7f1e89b6171ad4ba9d6157629c4bb2dd,6c8ad8dcfc.com,Domain,['A']
Domain_871c89278db29c63f04ce8629afe194ace7d886d630c2d2d0716f7711c95fbcf,871c89278d.com,Domain,['A']
Domain_59a60bd1fcc82babe4de2dc680e47056282d025459d4873a15f2550200f4ff8e,59a60bd1fc.com,Domain,['A']
Domain_5238aff04a4f06ca2d2a776fc77205de52915866d78d9764d0c2697d1c4010d3,5238aff04a.com,Domain,['A']
Domain_b0b698f794852fe098aa024d2a4b269ed70ab0e67de650aa3ab79aa12ca2eb45,b0b698f794.com,Domain,['A']
Domain_83750c8699fc65d1c65b01159de63614651eb47e637d872e09069a41f506f101,83750c8699.com,Domain,['A']
Domain_a219996f8229173a5ce283fae2b43ad2dfdb5ce2bc4b2806079f6efc9e0c0ae9,a219996f82.com,Domain,['A']
Domain_794e17a2725e84331b5b19ee4b4f6d673c0fdc2de2d49e472ed607c50e539dff,794e17a272.com,Domain,['A']
Domain_42bfae696f40cbd3297125c25b03ad470b452482237669bf5e79fcceeafdf503,42bfae696f.com,Domain,['A']
Domain_3348ce91a810b2fc905dfe9449438f7e8460215d39c045611a103759fdaec64d,3348ce91a8.com,Domain,['A']
Domain_b541adc7e0840ca06a520cd4943d7ecdd662c7fdf1b8b190b28388e1bc294a7b,b541adc7e0.com,Domain,['A']
Domain_56071c2c61de79290b713c890639960a9817f4901f5f342a33243a0bedd0fc77,56071c2c61.com,Domain,['A']
Domain_6f2239c231027670bf3ccb1a7b4036538f0162e95a4fa73643559187f9b07674,6f2239c231.com,Domain,['A']
Domain_a5a2867896ad516cb01677ee00304a54fcd1bbaa1ddbe30ad3bba380bad58c18,a5a2867896.com,Domain,['A']
Domain_ef3fc4cb675c2c04bc88cac35b87699c938bd630dfaa32cdb2537e611b0a9995,ef3fc4cb67.com,Domain,['A']
Domain_f63ce1747e32fe4cce079bb93195a22c702f7f918f4d78876e202779402c347b,f63ce1747e.com,Domain,['A']
Domain_908d1c9103d1773d23d1aa69fdc9318014b2401711ad666cc0a9e4ac96f4dc1b,908d1c9103.com,Domain,['A']
Domain_144c3c963b3b67e2cf028a3c8c2c964dbf66742510018b3aea7af9d9f08b45f8,144c3c963b.com,Domain,['A']
Domain_00dc4939613879ceea88a4177dee3d1307d583df172c79ca6a3dc7928b6d79c2,00dc493961.com,Domain,['A']
Domain_0ac7528bc6d25569a00ed326670216fe0bf40c8b44d6fe19db35b0769dada24c,0ac7528bc6.com,Domain,['A']
Domain_df5f2578f582655622263440379c7e7f10327becf7c3f7003911b3ecd760f409,df5f2578f5.com,Domain,['A']
Domain_3dad382e82c90e3da4fae798c046c67fb31ea88f992aae70f7fc8526bc5341bb,3dad382e82.com,Domain,['A']
Domain_9fc7ec83f6f3d7c08e96a7a135ae78e87973351b4857a57d9550161ddc8c9564,9fc7ec83f6.com,Domain,['A']
Domain_9f5a45e39574230874d680ba098c7321c385561e014b5102a4b9c6ef5624f19b,9f5a45e395.com,Domain,['A']
Domain_f4d77e10b26f8b96013c5df736e5dafc59094fd1f4107c76278b6adb24b45edf,f4d77e10b2.com,Domain,['A']
Domain_10460b835d3d73e423ad4360d1c1638c49b53c03c4da000e3ce8f8cccde62384,10460b835d.com,Domain,['A']
Domain_e80b748e1a10de424345dba10086960d37d7d2d1c69b3cb7a20aaadb593ad706,e80b748e1a.com,Domain,['A']
Domain_7e006c42cbc51ec593de48cba144313f861156a330ae120bf1e2c2479552a029,7e006c42cb.com,Domain,['A']
Domain_a6a650deda0eebed92c97311a704e81cf6da061efbb63aff285fc94d6415eec0,a6a650deda.com,Domain,['A']
Domain_9e88c8f9c800631a85916797471f1e929aab661cdfe03f46643e2b2c4a4d7f50,9e88c8f9c8.com,Domain,['A']
Domain_894bbe97fb9a3076e910469bacfce02c24ab742d50d00a26aa98fa7093a929f4,894bbe97fb.com,Domain,['A']
Domain_84d6d6f5362e291281292104f25acc59825a04c40703d16ec3606e147fd366dc,84d6d6f536.com,Domain,['A']
Domain_d34e721fd1bde85bbe96e2d81a44e1bd3380d5d1b42cd5812cb13d3c373ef8e2,d34e721fd1.com,Domain,['A']
Domain_16cea63cfc0766bd8eed4630760b4bf93cd4dbac5f5b39a7f77c7cc1b5bfa487,16cea63cfc.com,Domain,"['A', 'B']"
Domain_0fcf899808a82755dfc3cee9076f381b60ed8b1250d95dc113ba855ea048ec80,0fcf899808.com,Domain,['A']
Domain_799ee34d2df3665d6e147b7acf31580826b20c64da9feb721a71ae6874149844,799ee34d2d.com,Domain,['B']
Domain_fa7a49e0f7772a80ac5b82b37ddb714312e1cf58c4aff1d6f61790b176aff6fc,fa7a49e0f7.com,Domain,['A']
Domain_858d2ed19621343441748bf3c180350859c9cdd609423186173c66965b506e8b,858d2ed196.com,Domain,['B']
Domain_93d1b66fd966158d367d119af9457d0e926194bf6c8d1da3d5b846a58de2e95e,93d1b66fd9.com,Domain,['B']
Domain_eecbcd5cea0d83d6ea265d89e262ec8841f21b777c8c8f7029ce491a305ecca3,eecbcd5cea.com,Domain,['B']
Domain_f6cf1c32cfdb2ab98511757d1c2a233ab5212dd0df5e9bc1a5d2dc5820305efa,f6cf1c32cf.com,Domain,['A']
Domain_185f5df3e24b8ca82e55fe749702c1d6a4bc1a49c99d185f8fa7d703e0652efc,185f5df3e2.com,Domain,['B']
Domain_a648ab9047bb63ef7b1bbcce6657acb5f523552a057c4ff008b65c6c9cced5a5,a648ab9047.com,Domain,['A']
Domain_17a537595623e9fef09d0810c9c022162e5f939e88291dbb77098727e55d961f,17a5375956.com,Domain,['B']
Domain_8b7ba3e31fe75f872414911d745779fc12c62b0ef01113c09903a66e37e65c14,8b7ba3e31f.com,Domain,['B']
Domain_b7a33d3fe21c7476a25f3612af16e0ca0b1bcd8147a53b5795ee8f2128068489,b7a33d3fe2.com,Domain,['A']
Domain_d506cfbb0eccc043809124a20a31dba13ffbd58451b78125f8f8e45e236ae2a3,d506cfbb0e.com,Domain,['B']
Domain_79be10d991d1b96b7b24392812693c8925fe612df0cf7f3685d55f4832a6fc2b,79be10d991.com,Domain,['A']
Domain_fdd549c1ee38358471fcee2fcd8146c9f932c6f90696e4fa97ad365ed3b4b28b,fdd549c1ee.com,Domain,['B']
Domain_3ffb726c73c638ad3883230f40ce50f89c89f957e2f3abcedbcd19bc88e172db,3ffb726c73.com,Domain,['A']
Domain_12509b8b7adb67188ba50f8597ae52da10f398f22bd6a60b3fc786afc2d8e95c,12509b8b7a.com,Domain,['B']
Domain_6edde8e68a6d93ab48e8ffa90faffb4ad72925d4704d7966e54d7e320383f79e,6edde8e68a.com,Domain,['A']
Domain_9dbc618e32cf14e821d13a4ecfde7b7a351210d00a3361e8f052cb92390f1fae,9dbc618e32.com,Domain,['B']
Domain_d38dd74bb6326ada496d779891537e7dda791ed0d36320bbf1a36f646b8a4101,d38dd74bb6.com,Domain,['A']
Domain_1a76857e10e89df2887c3d1206170aad41f41a3b517d3682a4851225c966f621,1a76857e10.com,Domain,['B']
Domain_158ba28984f9d8e27f5350bc3a6d204565839599511b092d1792efa1cb108986,158ba28984.com,Domain,['B']
Domain_b221827fc02e21bb6b8558ee0524ecd2ee9065e09381b867a3e87f78e3dfeecb,b221827fc0.com,Domain,['B']
Domain_0da6d3878b4414b0f9e316f39a516973cbdfbb1f8cbe771f02d2298dc7568ed3,0da6d3878b.com,Domain,['A']
Domain_ce587dde7d4743c9f349fe5e2e1cf2a36898a7a79c8fd2508656396c8f0be2ec,ce587dde7d.com,Domain,['B']
Domain_42b981da1b5a54896ffde22e0f0038982c6aa856f6ff28f835ee60029a84fd82,42b981da1b.com,Domain,['A']
Domain_2cf84e888747107cc4770ba0b5b25924628be0fb3dff328eed41f27782df7f5d,2cf84e8887.com,Domain,['B']
Domain_ff50ebea2c8f27949591cd03234c02724a5c73d0dba7c499d93c21dfe23ec15e,ff50ebea2c.com,Domain,['A']
Domain_97db1415f29b1da322d3b9f879734d5e7c961b476d1fa0955454dc1a765c0935,97db1415f2.com,Domain,['B']
Domain_062bc22a7d7d8074689abed76f950ee7962b0c5953a6464f03ef507e59095b68,062bc22a7d.com,Domain,['A']
Domain_45c177caf7247c2df76be32a10fe628fee6d48546c82e5d725a8020769787be1,45c177caf7.com,Domain,['B']
Domain_33b0dda62316aaedb83edca89acfe3a2948095ce6df8a8c9b7831703bc6e4e31,33b0dda623.com,Domain,['B']
Domain_aef3f21eec99429d889e4fffceb88f0ddb6d9a84ad47ef426a9327569d8637fd,aef3f21eec.com,Domain,['A']
Domain_ddc479df7254e15a6bb84bf2183f67cf394a2a9b9cf5d777bb0ed83116861597,ddc479df72.com,Domain,['B']
Domain_d74b8750f9594255f869f9e537f50dfd4621e5e50e1de439fb76195dab008db8,d74b8750f9.com,Domain,['A']
Domain_ff3740e4026edecd13997569b86bda541c2e0893622a8b68be194b20fa0e6ee9,ff3740e402.com,Domain,['B']
Domain_e6948bccc412af39e4608f00b7ca1338b957fd7af7e9c463fc217ead7015e7f2,e6948bccc4.com,Domain,['A']
Domain_9b9b05706e21d86c3f5811fa41e6581ef1b4cdf4e67867690c5863d3f2c06719,9b9b05706e.com,Domain,['B']
Domain_e50489fe762305417d3557212b1f219f8062725ae21c743c87dd50c04df4bb8e,e50489fe76.com,Domain,['A']
Domain_c7fc00b87f085458ba325cb0a329644bd75dc6a7e3f7eec543ce5792273ac5ec,c7fc00b87f.com,Domain,['B']
Domain_65a1c5cc0da2cf9ee2689730504416cb8dd2163b9f4818b3df78cb92c16786ea,65a1c5cc0d.com,Domain,['B']
Domain_a426f66800948b30803599372284a32e4e2c7b8efff310a946012c32836b88b9,a426f66800.com,Domain,['A']
Domain_5e51b47a6cc2154a6c0530252ede9af0207f874c8d5be484628485c3bb66b473,5e51b47a6c.com,Domain,['B']
Domain_1dfe4742c01bea72d7ec72d5475ad722b9ce77caeb0800e8319ae4ea3487f9e7,1dfe4742c0.com,Domain,['A']
Domain_1d01804b09833a7a88bba69ccbc8c539abaa173e2513aa40c54ed13474eea6a7,1d01804b09.com,Domain,['B']
Domain_80f946c8a5afc7485703ff212e331c0c810ba465e7770c80b5c940f7ad1672cd,80f946c8a5.com,Domain,['A']
Domain_e2667d335ffc45b81fbbd936d603a6204fb0b30ab23cdf5a3fb8f03eac4cb24b,e2667d335f.com,Domain,['B']
Domain_c9f79fade28077c8e3fbe21f8b671381355cceaf0be563d5ccf7fe7aeccb53c4,c9f79fade2.com,Domain,['A']
Domain_2e133dc92a3935b1b7791b8ee7aaaf5acfbc22d5e5ccd22c48adabcc07e9e878,2e133dc92a.com,Domain,['B']
Domain_12a0d33255ff2702784c7567ff3d9cbe78c87cb496755df4169aacb22ea52606,12a0d33255.com,Domain,['A']
Domain_b354e5bc7c8eac7d67a7d029efb61d1562e434efa25d19efc3f44ae69a3bf691,b354e5bc7c.com,Domain,['B']
Domain_38ef2c22fba4dca42eca31ac21b7e5f6dd107bae36a31c934d433770ce783d75,38ef2c22fb.com,Domain,['A']
Domain_7fd90e4a57132f774986ef52c78358e4edcb0f3d913b6cecccccc69ce37be761,7fd90e4a57.com,Domain,['B']
Domain_90eefed2c155d95e13f53306150ab166d39eab2b8e5d10094adcd3bfbb9ca650,90eefed2c1.com,Domain,['A']
Domain_734a1af61861f7aa64b233502bd721ad171352df8626c55277ae839eee273d53,734a1af618.com,Domain,['B']
Domain_6dd112e4df39abd3e7adf9837f01cdee5b50f154ba1139cd63d1823cd8776fba,6dd112e4df.com,Domain,['A']
Domain_bcbe79a772aaf8c8d8f76f4640bf7c628514ff22c6fb02d68e29c13875f864a7,bcbe79a772.com,Domain,['B']
Domain_f3b06b27a22aad182dcd9d7f9d3a0ced05b541b755594e5f6b172e797fb13b66,f3b06b27a2.com,Domain,['A']
Domain_fffc59831a03bec3c6c7aa6199cbcbb5a665017b277e0590c0393e8595e45873,fffc59831a.com,Domain,['B']
Domain_575a0dac26f97b24cbfa4e792dadd3f6e6744fb2800835b302f8945be5b44ac3,575a0dac26.com,Domain,['A']
Domain_e893066b8f33c1975038e2a3ad842ba79b679afe49f4c733adff2224f5cfeaba,e893066b8f.com,Domain,['B']
Domain_d398bedd5155812bb6648f4b049e1b4bf92acbb089c39fe859b3fed1776bddf2,d398bedd51.com,Domain,['A']
Domain_e6980e68dbd0d70a750bf752ef9de6974b58a685ef0dcce6f70c10e64b549c8f,e6980e68db.com,Domain,['B']
Domain_af18099df9023e1458946448d04c447a854eb4265379870adb715694a711f1da,af18099df9.com,Domain,['A']
Domain_1e878ad5e129fde87e4d167829f2a3027b7e85823bf2a22bfc7eeb73b71b1657,1e878ad5e1.com,Domain,['B']
Domain_afccf8f5c2d6a047286e11a30cfe515b4a9bcdb4c63c0db729920097058e5fd2,afccf8f5c2.com,Domain,['A']
Domain_543f58b4203a246501897eb5066ca6e52780ef147c33645ff8974d1746267208,543f58b420.com,Domain,['B']
Domain_8ffabcc8e77d100124dce0403b3ed0738c2faa914db95e5cc4bc026898a5d1dc,8ffabcc8e7.com,Domain,['B']
Domain_a9d873e9ffb49bba7bf179fd31c46ced78130f4e1058bd1018300ba6766f12b5,a9d873e9ff.com,Domain,['A']
Domain_639cd1f33ba3aa2ee3030572da12abc77b84fb57b01908c8fa7aff91e8011cc2,639cd1f33b.com,Domain,"['A', 'B']"
Domain_222740510af7fd1b08003946e13aeac1412a3596ed78d352a0636cf348823007,222740510a.com,Domain,['A']
Domain_ba1d25854c12df72c6c84de937b93d281b0f8f833849659eaa6bd7b79e558307,ba1d25854c.com,Domain,['B']
Domain_d3572d1211bc0b6b4154c8728af8348993f1bb5dd638bef4312a14c645b4c7ea,d3572d1211.com,Domain,['A']
Domain_fb99f0191312cda56de566a3be688a40f6842e84d39de8dc351be75446fd3858,fb99f01913.com,Domain,['B']
Domain_7649bdc276a9efc5c8bbb250c553abed44506a00e8aa4076be2d68c27b129113,7649bdc276.com,Domain,['A']
Domain_2ef21cb47342a255248a23b41551ff2e10c0a3b094f8b93b15fe059d1de22b63,2ef21cb473.com,Domain,['B']
Domain_ddfc88b0c6abb33d93c811e3d37ad6fff665c138d11920b6d385bbead330dd81,ddfc88b0c6.com,Domain,['A']
Domain_4099205954549e784a3098025d0ce00c1801738a1ba502fd094175233c973c9f,4099205954.com,Domain,"['A', 'B']"
Domain_e17aaa5adadeec684e0e82f5d21dc7ff1acc6fb943ee1b73a421b299cba0eeaf,e17aaa5ada.com,Domain,['A']
Domain_868bb9dcc3d6ac6a8eedd199f00eedd5e542457e33854d2e6795c2e18be5e5ae,868bb9dcc3.com,Domain,['B']
Domain_25d68980201d8c46787df33d3a348f300e5789ff85e353ab08cf69c26c5dc065,25d6898020.com,Domain,['A']
Domain_abc9982bba206f4f1f8c11182b8074683f212db34b6165ff5077165fe85fd8c4,abc9982bba.com,Domain,['B']
Domain_ca335f82b872a7a831c262ff6bc3e32d8270faa6607492baa88bf226691c97ee,ca335f82b8.com,Domain,['A']
Domain_9dd35e96cbbb4349ffdfa68318a5455a70df4f25cb3106a0f9890bc27a6cfc01,9dd35e96cb.com,Domain,['B']
Domain_2ef320b9008e7dcb52701be3dad640725226126dcaddabffc9dfecb9e5106027,2ef320b900.com,Domain,['A']
Domain_889dce958f2a97fcb92186ca9027ce8e77c41e1bab182f1d15a7e06a62a5f2d8,889dce958f.com,Domain,['B']
Domain_54f8f7921bc92fa91bddec4093c0b1f0671ef1ab9aecaffd8f5f3270196d481a,54f8f7921b.com,Domain,['A']
Domain_675f4e8cbb667901259354acd95b83e612cd4048caabd3edefd7ad71117e00f9,675f4e8cbb.com,Domain,['B']
Domain_5abebde7f173ebf510d0cc281b0264ad2b2fe1ba0e9f8f7a81ac1164a62475a9,5abebde7f1.com,Domain,['A']
Domain_e06142700832ae3e36abc3888e49ed212d8eaf0e1c6b44149806749c98ee0097,e061427008.com,Domain,['B']
Domain_8070003b9012ce74b9925e7b880b263552e1331cb45dfa0860631832b547f01e,8070003b90.com,Domain,['A']
Domain_904d3884e1c51095e50d49c920a3062786d6b26130f3388d44842b59b1bf455c,904d3884e1.com,Domain,['B']
Domain_5deeeb3811077b2cf7e7c95df682e53bd71887d0ffe5dea1efc799394265cf29,5deeeb3811.com,Domain,['A']
Domain_7899303768d25d347587dc2ef31b5a6aaf5ac75d13188024ff8d683dda981e41,7899303768.com,Domain,['B']
Domain_d3b6da9ac249fd7fe41363cb134935f92b50882b0e6aa21bd4f4845d048cc7c9,d3b6da9ac2.com,Domain,['B']
Domain_8ccdcaf9e8283c8a25ef7542cd06d8412aafecb39f4eb20ef7259a17b4f0a4cc,8ccdcaf9e8.com,Domain,['B']
Domain_e10c1ec3faac449f0e9e45812131747ceba6912c5469576cd81d93639f78ee24,e10c1ec3fa.com,Domain,['B']
Domain_6f161e9742247eb40c1f628466bd82cfd88b3481df6a62aa8516b0817393f344,6f161e9742.com,Domain,['B']
Domain_a4c81155a66a1f07b04e55b5b33ace3a252b8926b4e6e786319866d9a5effc98,a4c81155a6.com,Domain,['B']
Domain_4ba6a8004a8c963635f0875624d822ef57676db7bc491717d1e59f068820012f,4ba6a8004a.com,Domain,['B']
Domain_8391e24023b9eefd1418fc828c9d5e18c6b07e4642e918220592b73d2c70f819,8391e24023.com,Domain,['B']
Domain_c8c8b96922225825dd631e90ddc8c3698c118513842ae55f8d8a84f9cef4cf13,c8c8b96922.com,Domain,['B']
Domain_2ab5651f8c77be7074e02dfca8766d0e6dbce1c762a807778de326ccd3f8e040,2ab5651f8c.com,Domain,['B']
Domain_7c69b178a0155b25a6547aac3fdcdbe7370302af0c32a98ae3d65d67fe02086f,7c69b178a0.com,Domain,['B']
Domain_42f4f877ab8101d51de83a22db97ea776685ab416bdf547d36db1ec4b451cf6c,42f4f877ab.com,Domain,['B']
Domain_f495fbf56eca2acbb4f216c312ce524a65443fa7bee28bc9b1a9c278fbb5a469,f495fbf56e.com,Domain,['B']
Domain_2a8cbe44bd82d21b0c2f77ef348c8f40dd464d5344df8d91e750ca01a0af1437,2a8cbe44bd.com,Domain,['B']
Domain_ed6f7fa71f12b461bd2b2aaea183f32e57b25f463946d47c9832fa3fc354998d,ed6f7fa71f.com,Domain,['B']
Domain_69295d40a42104d135492b12a93728bb89d51f556b08029e008e60c78162b5b4,69295d40a4.com,Domain,['B']
Domain_58d23981d31c9197e9c8c0fa22aa01ac37575b6488d133b9f7802378db5ed36b,58d23981d3.com,Domain,['B']
Domain_9f4dc46f77bd78bd7acff3bed477a5b36d6be4d2d80355fee20fc2d66b2a5fda,9f4dc46f77.com,Domain,['B']
Domain_5115f60c01afbfe9c15b14dc16f46a3a08fb6853a27847a8c9ed510b74d4dc76,5115f60c01.com,Domain,['B']
Domain_d8d473b9b6e36d18f1e4f046143306c90a0ac9799284061402f88febbab3fa7d,d8d473b9b6.com,Domain,['B']
Domain_12a09b732a3df7de59f876a9a1795ec3da6eb962936521a80a4fcdfa30d7f6a1,12a09b732a.com,Domain,['B']
Domain_0977f5e7f0d7f2137fb13767d9cf76d0b19a4f573fb2efb7186865bf5564607c,0977f5e7f0.com,Domain,['B']
Domain_ac970539cae0112317c0bdff4029e31845cc921df83da91947070a50b485342d,ac970539ca.com,Domain,['B']
Domain_3349ca495b10721f7a63d9c22a106134352da0e05373c53822b7776bf1176c22,3349ca495b.com,Domain,['B']
Domain_a70440dcc42abe09b792bee345f6ca0a6d2ad570d1073b04532339f7c529d352,a70440dcc4.com,Domain,['B']
Domain_5ace9e9d2c05e1aa88b5a75b1933d2486e1d098e608b45447e8b39130c849f5c,5ace9e9d2c.com,Domain,['B']
Domain_0fa1b7e9e6c9fca4b7a530bafa446163c551db75e7734283be04613bc12c6a31,0fa1b7e9e6.com,Domain,['B']
Domain_4130d951d26138457b1f98608e50d84868ef967dbd16482d13c711c797cf647b,4130d951d2.com,Domain,['B']
Domain_89b30f7e40274ce5fae1d850db3f43097cd7aa65cd0f84b9bb89306adc12ee63,89b30f7e40.com,Domain,['B']
Domain_2b6cdbf374b3d389ce55d568f52025c7b4428229408b79fa881691316f7e49c0,2b6cdbf374.com,Domain,['B']
Domain_0f60b9644a2ec9b04b6a42d8461249a5f97023895309c2d0f7b1aeb42a5785d6,0f60b9644a.com,Domain,['B']
Domain_2222a12e65996e4a752d1977578180c46bea6e24ac11a2d0187d472c71c62b23,2222a12e65.com,Domain,"['A', 'B']"
Domain_ca2a44a9dff684c886a8578d5fbbb603dddedebbde309ff5f11e1ed1e42f9560,ca2a44a9df.com,Domain,['B']
Domain_9cb7883202da0f7a757715144f5e74511b7f2f151a1369a821876e1be778a4b9,9cb7883202.com,Domain,['B']
Domain_9ffb25624d8db0164fd75ee06d94d565c8a132411994b44df51e70e5163ff08f,9ffb25624d.com,Domain,['B']
Domain_8bafca2f1a2fe28ee69442c2cf8c9873675328141140117b3b1abd11b7c9dfc1,8bafca2f1a.com,Domain,['B']
Domain_dc600143f786e302d80dd0baa31d4b89f319ad0507c262364461a2396e3aed99,dc600143f7.com,Domain,['B']
Domain_4f8e6bc01bbc6338b5f2cfb2af303affacdad7ffec44be45228d5581f5b76d80,4f8e6bc01b.com,Domain,['B']
Domain_0525695e42891f0aa1af66c40a0176c47baf22ad73bd35958bbd9c63d7ef1116,0525695e42.com,Domain,['B']
Domain_7d67eac3e28d0758e75a936dad0781234052baf9192e097f3cfb23aa588d1f81,7d67eac3e2.com,Domain,['B']
Domain_3d29299dd9957deed44a76686f7b4094c2a0c12d09dec290809ce9b28261ca80,3d29299dd9.com,Domain,['B']
Domain_b21ab51bccaa10bf0806c0b75871b7a363738a40003712ec3b1c12a3ee1b9e1c,b21ab51bcc.com,Domain,['B']
Domain_6c2bb97d597f59e6ce04057eec2ddd3400654bc8c17083ee0acd2ae6e35af610,6c2bb97d59.com,Domain,['B']
Domain_71aab670ef0f6d6f0d8b0054a40813bdacf78c98fc327ed72c07b01c009d7acc,71aab670ef.com,Domain,['B']
Domain_41e73953e4c6870a6dcc3f736822b763a1e6aee62aaed34f858dee6822aff38f,41e73953e4.com,Domain,"['A', 'B']"
Domain_098da5dba156f8adbfe54c3c5ca900afeec4842d84c5ce07010c58899326f293,098da5dba1.com,Domain,['B']
Domain_e5092e0b3be2d0ae97f9e73a9038119854ae6381a7f671b893d1ccfafd42cae1,e5092e0b3b.com,Domain,['B']
IP_3e360f5397ea2e5dcdee1bdce7a41d3998b9f7236263209d07284bc300341348,168.206.xxx.xxx,IP,[]
Domain_eaf4b3c215d4b25ee7fd799cd427f7c7137efd096c21b0ae82c24357593e99d6,eaf4b3c215.com,Domain,"['C', 'B']"
